305.47,307.86,310.07,312.03,313.68,314.98,315.9,316.44,316.61,316.43,315.93,315.15,314.12,312.88,311.47,309.93,308.28,306.56,304.79,0.02,0.05,0.05
306.19,309.26,312.1,314.6,316.69,318.32,319.46,320.09,320.26,319.97,319.29,318.26,316.92,315.34,313.56,311.62,309.57,307.42,305.22,0.02,0.05,0.06
307.03,310.89,314.45,317.57,320.15,322.12,323.46,324.18,324.3,323.86,322.95,321.61,319.93,317.97,315.77,313.41,310.91,308.32,305.68,0.02,0.05,0.07
308.02,312.83,317.23,321.06,324.18,326.53,328.07,328.83,328.85,328.2,326.99,325.29,323.19,320.78,318.13,315.3,312.33,309.27,306.15,0.02,0.05,0.08
309.22,315.17,320.58,325.23,328.98,331.72,333.45,334.19,334.03,333.08,331.47,329.32,326.73,323.82,320.65,317.31,313.83,310.26,306.65,0.02,0.05,0.09
310.7,318.04,324.67,330.31,334.76,337.91,339.77,340.41,339.96,338.58,336.46,333.74,330.57,327.07,323.33,319.42,315.4,311.3,307.16,0.02,0.05,0.1
312.55,321.61,329.73,336.54,341.79,345.35,347.26,347.66,346.75,344.77,341.97,338.56,334.69,330.52,326.14,321.63,317.03,312.37,307.69,0.02,0.05,0.11
314.87,326.09,336.06,344.28,350.43,354.37,356.18,356.11,354.5,351.69,348.02,343.74,339.06,334.13,329.05,323.89,318.68,313.46,308.23,0.02,0.05,0.12
317.81,331.76,344.05,354,361.14,365.34,366.8,365.93,363.27,359.33,354.53,349.21,343.59,337.81,331.98,326.14,320.32,314.52,308.76,0.02,0.05,0.13
321.54,338.98,354.22,366.29,374.51,378.75,379.4,377.21,373.03,367.57,361.37,354.82,348.13,341.45,334.83,328.31,321.88,315.54,309.25,0.02,0.05,0.14
326.25,348.15,367.2,381.93,391.27,395.08,394.19,389.93,383.59,376.16,368.29,360.34,352.51,344.89,337.49,330.31,323.32,316.46,309.71,0.02,0.05,0.15
305.77,308.44,310.93,313.16,315.06,316.58,317.69,318.38,318.65,318.51,318,317.14,315.99,314.58,312.95,311.16,309.23,307.21,305.12,0.02,0.06,0.05
306.56,310,313.2,316.05,318.47,320.4,321.78,322.62,322.91,322.68,321.97,320.85,319.35,317.54,315.48,313.21,310.79,308.25,305.64,0.02,0.06,0.06
307.48,311.8,315.8,319.36,322.36,324.71,326.38,327.35,327.63,327.27,326.32,324.86,322.97,320.71,318.16,315.38,312.43,309.35,306.19,0.02,0.06,0.07
308.55,313.9,318.85,323.21,326.86,329.7,331.66,332.73,332.96,332.4,331.14,329.28,326.91,324.14,321.04,317.7,314.17,310.51,306.78,0.02,0.06,0.08
309.83,316.4,322.45,327.77,332.17,335.53,337.78,338.93,339.04,338.19,336.52,334.16,331.23,327.86,324.15,320.18,316.03,311.75,307.39,0.02,0.06,0.09
311.37,319.41,326.79,333.23,338.5,342.44,344.98,346.14,346.02,344.77,342.55,339.56,335.95,331.88,327.47,322.82,317.99,313.05,308.04,0.02,0.06,0.1
313.24,323.05,332.04,339.83,346.11,350.7,353.5,354.58,354.08,352.23,349.29,345.5,341.08,336.2,331,325.59,320.04,314.4,308.71,0.02,0.06,0.11
315.51,327.49,338.44,347.86,355.36,360.65,363.65,364.47,363.37,360.68,356.78,351.99,346.59,340.77,334.7,328.47,322.15,315.79,309.4,0.02,0.06,0.12
318.27,332.91,346.28,357.72,366.67,372.73,375.81,376.11,374.05,370.18,365.01,358.97,352.4,345.52,338.48,331.38,324.27,317.17,310.08,0.02,0.06,0.13
321.61,339.5,355.87,369.86,380.6,387.5,390.42,389.75,386.23,380.69,373.86,366.29,358.36,350.3,342.24,334.24,326.33,318.5,310.73,0.02,0.06,0.14
325.58,347.4,367.55,384.8,397.82,405.6,407.95,405.62,399.89,392.06,383.12,373.73,364.27,354.95,345.83,336.94,328.26,319.74,311.34,0.02,0.06,0.15
305.95,308.81,311.49,313.92,316.01,317.72,319.01,319.84,320.22,320.16,319.66,318.78,317.55,316.02,314.22,312.22,310.06,307.77,305.4,0.02,0.07,0.05
306.79,310.47,313.91,317.01,319.69,321.86,323.48,324.51,324.95,324.82,324.15,322.99,321.39,319.42,317.13,314.59,311.86,308.98,306.01,0.02,0.07,0.06
307.75,312.35,316.65,320.52,323.84,326.51,328.49,329.72,330.2,329.97,329.08,327.58,325.55,323.09,320.25,317.13,313.78,310.27,306.66,0.02,0.07,0.07
308.85,314.51,319.8,324.55,328.61,331.85,334.21,335.64,336.14,335.76,334.56,332.65,330.12,327.08,323.63,319.86,315.84,311.65,307.35,0.02,0.07,0.08
310.14,317.05,323.49,329.26,334.17,338.06,340.83,342.45,342.92,342.31,340.73,338.3,335.16,331.46,327.3,322.8,318.05,313.12,308.09,0.02,0.07,0.09
311.66,320.03,327.84,334.81,340.72,345.35,348.59,350.37,350.74,349.79,347.69,344.61,340.74,336.24,331.28,325.97,320.41,314.69,308.87,0.02,0.07,0.1
313.45,323.56,332.99,341.41,348.49,353.99,357.73,359.65,359.81,358.37,355.56,351.64,346.87,341.44,335.56,329.34,322.91,316.34,309.69,0.02,0.07,0.11
315.56,327.74,339.11,349.27,357.79,364.31,368.6,370.58,370.36,368.19,364.43,359.44,353.55,347.04,340.1,332.89,325.52,318.06,310.54,0.02,0.07,0.12
318.04,332.65,346.36,358.65,368.94,376.71,381.61,383.53,382.66,379.43,374.37,368,360.75,352.95,344.83,336.55,328.18,319.79,311.4,0.02,0.07,0.13
320.91,338.38,354.9,369.82,382.35,391.7,397.27,398.92,396.98,392.19,385.35,377.21,368.32,359.05,349.63,340.2,330.82,321.5,312.23,0.02,0.07,0.14
324.13,344.89,364.78,383.01,398.48,409.89,416.23,417.23,413.57,406.48,397.24,386.87,376.04,365.12,354.33,343.73,333.34,323.12,313.03,0.02,0.07,0.15
306.04,309,311.79,314.34,316.57,318.42,319.85,320.82,321.32,321.35,320.91,320.05,318.79,317.18,315.27,313.11,310.75,308.25,305.65,0.02,0.08,0.05
306.9,310.69,314.26,317.52,320.37,322.73,324.54,325.76,326.37,326.38,325.79,324.65,323.02,320.95,318.51,315.76,312.78,309.61,306.34,0.02,0.08,0.06
307.86,312.58,317.03,321.08,324.62,327.55,329.78,331.27,331.99,331.95,331.17,329.71,327.64,325.05,322.02,318.62,314.95,311.08,307.07,0.02,0.08,0.07
308.95,314.72,320.17,325.14,329.47,333.04,335.75,337.52,338.34,338.21,337.18,335.33,332.75,329.56,325.85,321.73,317.31,312.66,307.86,0.02,0.08,0.08
310.2,317.19,323.8,329.81,335.06,339.37,342.61,344.7,345.61,345.35,343.99,341.64,338.45,334.54,330.06,325.13,319.87,314.37,308.72,0.02,0.08,0.09
311.64,320.04,327.99,335.23,341.55,346.73,350.6,353.03,354,353.53,351.73,348.76,344.81,340.05,334.68,328.83,322.64,316.21,309.64,0.02,0.08,0.1
313.3,323.34,332.85,341.54,349.14,355.36,359.96,362.77,363.76,362.97,360.57,356.8,351.9,346.14,339.72,332.83,325.61,318.18,310.62,0.02,0.08,0.11
315.2,327.12,338.46,348.89,358.04,365.52,371,374.25,375.18,373.91,370.68,365.86,359.78,352.79,345.16,337.1,328.77,320.26,311.65,0.02,0.08,0.12
317.36,331.43,344.92,357.42,368.47,377.53,384.11,387.84,388.61,386.6,382.22,376,368.44,359.98,350.95,341.59,332.04,322.39,312.71,0.02,0.08,0.13
319.75,336.26,352.23,367.22,380.65,391.76,399.77,404.07,404.49,401.34,395.31,387.22,377.79,367.57,356.96,346.18,335.35,324.54,313.76,0.02,0.08,0.14
322.33,341.51,360.31,378.3,394.75,408.59,418.54,423.55,423.3,418.38,409.99,399.4,387.63,375.37,362.99,350.71,338.58,326.62,314.77,0.02,0.08,0.15
306.05,309.02,311.84,314.44,316.74,318.69,320.23,321.32,321.94,322.07,321.72,320.91,319.67,318.03,316.06,313.79,311.3,308.63,305.84,0.02,0.09,0.05
306.89,310.68,314.29,317.6,320.54,323.03,325,326.39,327.17,327.32,326.86,325.8,324.2,322.1,319.57,316.68,313.51,310.12,306.6,0.02,0.09,0.06
307.82,312.52,316.99,321.11,324.77,327.86,330.3,332.02,332.98,333.15,332.54,331.2,329.17,326.55,323.4,319.82,315.91,311.74,307.41,0.02,0.09,0.07
308.86,314.59,320.04,325.06,329.53,333.32,336.3,338.4,339.54,339.72,338.93,337.24,334.72,331.48,327.63,323.28,318.53,313.51,308.3,0.02,0.09,0.08
310.04,316.92,323.48,329.55,334.96,339.55,343.17,345.69,347.05,347.21,346.19,344.07,340.96,337,332.33,327.09,321.42,315.45,309.27,0.02,0.09,0.09
311.37,319.57,327.4,334.67,341.18,346.71,351.08,354.12,355.72,355.83,354.51,351.85,348.01,343.19,337.56,331.31,324.6,317.57,310.33,0.02,0.09,0.1
312.87,322.55,331.84,340.51,348.32,355,360.27,363.93,365.8,365.83,364.09,360.73,355.99,350.12,343.36,335.95,328.07,319.87,311.48,0.02,0.09,0.11
314.54,325.9,336.85,347.16,356.52,364.58,370.99,375.41,377.61,377.5,375.18,370.9,365,357.84,349.75,341,331.81,322.34,312.71,0.02,0.09,0.12
316.38,329.59,342.44,354.65,365.88,375.68,383.54,388.95,391.54,391.18,388.04,382.52,375.12,366.37,356.69,346.42,335.78,324.94,313.99,0.02,0.09,0.13
318.35,333.59,348.55,362.98,376.48,388.48,398.24,404.98,408.08,407.31,402.98,395.73,386.37,375.64,364.08,352.09,339.89,327.61,315.3,0.02,0.09,0.14
320.4,337.78,355.05,372.02,388.27,403.1,415.45,424.05,427.83,426.39,420.26,410.59,398.65,385.47,371.74,357.84,343.99,330.24,316.59,0.02,0.09,0.15
305.98,308.89,311.67,314.25,316.56,318.55,320.16,321.34,322.07,322.31,322.07,321.34,320.16,318.55,316.56,314.25,311.67,308.89,305.98,0.02,0.1,0.05
306.79,310.49,314.02,317.31,320.26,322.81,324.87,326.39,327.33,327.64,327.33,326.39,324.87,322.81,320.26,317.31,314.02,310.49,306.79,0.02,0.1,0.06
307.67,312.23,316.6,320.67,324.34,327.51,330.08,331.99,333.16,333.55,333.16,331.99,330.08,327.51,324.34,320.67,316.6,312.23,307.67,0.02,0.1,0.07
308.64,314.17,319.46,324.41,328.89,332.77,335.94,338.29,339.73,340.22,339.73,338.29,335.94,332.77,328.89,324.41,319.46,314.17,308.64,0.02,0.1,0.08
309.72,316.32,322.66,328.6,334.01,338.71,342.58,345.46,347.23,347.84,347.23,345.46,342.58,338.71,334.01,328.6,322.66,316.32,309.72,0.02,0.1,0.09
310.92,318.71,326.23,333.31,339.78,345.47,350.17,353.69,355.87,356.61,355.87,353.69,350.17,345.47,339.78,333.31,326.23,318.71,310.92,0.02,0.1,0.1
312.25,321.36,330.19,338.57,346.3,353.15,358.87,363.19,365.89,366.8,365.89,363.19,358.87,353.15,346.3,338.57,330.19,321.36,312.25,0.02,0.1,0.11
313.69,324.26,334.56,344.43,353.63,361.89,368.87,374.21,377.57,378.72,377.57,374.21,368.87,361.89,353.63,344.43,334.56,324.26,313.69,0.02,0.1,0.12
315.24,327.38,339.31,350.86,361.79,371.77,380.35,387.02,391.29,392.76,391.29,387.02,380.35,371.77,361.79,350.86,339.31,327.38,315.24,0.02,0.1,0.13
316.85,330.65,344.34,357.79,370.74,382.82,393.47,401.95,407.47,409.4,407.47,401.95,393.47,382.82,370.74,357.79,344.34,330.65,316.85,0.02,0.1,0.14
318.47,333.98,349.52,365.03,380.32,394.98,408.32,419.3,426.64,429.24,426.64,419.3,408.32,394.98,380.32,365.03,349.52,333.98,318.47,0.02,0.1,0.15
305.84,308.63,311.3,313.79,316.06,318.03,319.67,320.91,321.72,322.07,321.94,321.32,320.23,318.69,316.74,314.44,311.84,309.02,306.05,0.02,0.11,0.05
306.6,310.12,313.51,316.68,319.57,322.1,324.2,325.8,326.86,327.32,327.17,326.39,325,323.03,320.54,317.6,314.29,310.68,306.89,0.02,0.11,0.06
307.41,311.74,315.91,319.82,323.4,326.55,329.17,331.2,332.54,333.15,332.98,332.02,330.3,327.86,324.77,321.11,316.99,312.52,307.82,0.02,0.11,0.07
308.3,313.51,318.53,323.28,327.63,331.48,334.72,337.24,338.93,339.72,339.54,338.4,336.3,333.32,329.53,325.06,320.04,314.59,308.87,0.02,0.11,0.08
309.27,315.45,321.42,327.09,332.33,337,340.96,344.07,346.19,347.21,347.05,345.69,343.17,339.55,334.96,329.55,323.48,316.92,310.04,0.02,0.11,0.09
310.33,317.57,324.6,331.31,337.56,343.19,348.01,351.85,354.51,355.83,355.72,354.12,351.08,346.71,341.18,334.67,327.4,319.57,311.37,0.02,0.11,0.1
311.48,319.87,328.07,335.95,343.36,350.12,355.99,360.73,364.09,365.83,365.8,363.93,360.27,355,348.32,340.51,331.84,322.55,312.87,0.02,0.11,0.11
312.71,322.34,331.81,341,349.75,357.84,365,370.9,375.18,377.5,377.61,375.41,370.99,364.58,356.52,347.16,336.85,325.9,314.54,0.02,0.11,0.12
313.99,324.94,335.78,346.42,356.69,366.37,375.12,382.52,388.04,391.18,391.54,388.95,383.54,375.68,365.88,354.65,342.44,329.59,316.38,0.02,0.11,0.13
315.3,327.61,339.89,352.09,364.08,375.64,386.37,395.73,402.98,407.31,408.08,404.98,398.24,388.48,376.48,362.98,348.55,333.59,318.36,0.02,0.11,0.14
316.59,330.24,343.99,357.84,371.74,385.47,398.65,410.59,420.26,426.39,427.83,424.05,415.45,403.1,388.27,372.02,355.05,337.78,320.4,0.02,0.11,0.15
305.65,308.25,310.75,313.11,315.27,317.18,318.79,320.05,320.91,321.35,321.32,320.82,319.85,318.42,316.57,314.34,311.79,309,306.04,0.02,0.12,0.05
306.34,309.61,312.78,315.76,318.51,320.95,323.02,324.65,325.79,326.38,326.37,325.76,324.54,322.73,320.37,317.52,314.26,310.69,306.9,0.02,0.12,0.06
307.07,311.08,314.95,318.62,322.02,325.05,327.64,329.71,331.17,331.95,331.99,331.27,329.78,327.55,324.62,321.08,317.03,312.58,307.86,0.02,0.12,0.07
307.86,312.66,317.31,321.73,325.85,329.56,332.75,335.33,337.18,338.21,338.34,337.52,335.75,333.04,329.47,325.14,320.17,314.72,308.95,0.02,0.12,0.08
308.72,314.37,319.87,325.13,330.06,334.54,338.45,341.64,343.99,345.35,345.61,344.7,342.61,339.37,335.06,329.81,323.8,317.19,310.2,0.02,0.12,0.09
309.64,316.21,322.64,328.83,334.68,340.05,344.81,348.76,351.73,353.53,354,353.03,350.6,346.73,341.55,335.23,327.99,320.04,311.64,0.02,0.12,0.1
310.62,318.18,325.61,332.83,339.72,346.14,351.91,356.8,360.57,362.97,363.76,362.77,359.96,355.36,349.14,341.54,332.85,323.34,313.3,0.02,0.12,0.11
311.65,320.26,328.77,337.1,345.16,352.79,359.78,365.86,370.68,373.91,375.18,374.24,371,365.52,358.04,348.89,338.46,327.12,315.2,0.02,0.12,0.12
312.71,322.39,332.04,341.59,350.95,359.98,368.44,376,382.22,386.6,388.61,387.84,384.11,377.53,368.47,357.42,344.92,331.43,317.36,0.02,0.12,0.13
313.76,324.54,335.35,346.18,356.96,367.57,377.79,387.22,395.31,401.34,404.49,404.07,399.77,391.76,380.65,367.22,352.23,336.26,319.75,0.02,0.12,0.14
314.77,326.61,338.58,350.71,362.99,375.37,387.63,399.4,409.99,418.38,423.3,423.54,418.54,408.59,394.75,378.3,360.31,341.51,322.33,0.02,0.12,0.15
305.4,307.77,310.06,312.22,314.22,316.02,317.55,318.78,319.66,320.16,320.22,319.84,319.01,317.72,316.01,313.92,311.49,308.81,305.95,0.02,0.13,0.05
306.01,308.98,311.86,314.59,317.13,319.42,321.39,322.99,324.15,324.82,324.95,324.51,323.48,321.86,319.69,317.01,313.91,310.47,306.79,0.02,0.13,0.06
306.66,310.27,313.78,317.13,320.25,323.09,325.55,327.58,329.08,329.97,330.2,329.72,328.49,326.51,323.84,320.52,316.65,312.35,307.75,0.02,0.13,0.07
307.35,311.65,315.84,319.86,323.63,327.08,330.12,332.65,334.56,335.76,336.14,335.64,334.21,331.85,328.61,324.55,319.8,314.51,308.85,0.02,0.13,0.08
308.09,313.12,318.05,322.8,327.3,331.46,335.16,338.3,340.73,342.31,342.92,342.45,340.83,338.06,334.17,329.26,323.49,317.05,310.14,0.02,0.13,0.09
308.87,314.69,320.41,325.97,331.28,336.24,340.74,344.61,347.69,349.79,350.74,350.37,348.59,345.35,340.72,334.81,327.84,320.03,311.66,0.02,0.13,0.1
309.69,316.34,322.91,329.34,335.56,341.44,346.87,351.64,355.56,358.37,359.81,359.65,357.73,353.99,348.49,341.41,332.99,323.56,313.45,0.02,0.13,0.11
310.54,318.06,325.52,332.89,340.1,347.04,353.55,359.44,364.43,368.19,370.36,370.58,368.6,364.31,357.79,349.27,339.11,327.74,315.57,0.02,0.13,0.12
311.4,319.79,328.18,336.55,344.83,352.95,360.75,368,374.37,379.43,382.66,383.53,381.61,376.71,368.94,358.65,346.36,332.65,318.04,0.02,0.13,0.13
312.24,321.5,330.82,340.2,349.63,359.05,368.32,377.21,385.35,392.19,396.98,398.92,397.27,391.7,382.35,369.82,354.9,338.38,320.91,0.02,0.13,0.14
313.03,323.12,333.34,343.73,354.33,365.12,376.04,386.87,397.24,406.48,413.57,417.23,416.23,409.89,398.48,383.01,364.78,344.89,324.13,0.02,0.13,0.15
305.12,307.21,309.23,311.16,312.95,314.58,315.99,317.14,318,318.51,318.65,318.38,317.69,316.58,315.06,313.16,310.93,308.44,305.77,0.02,0.14,0.05
305.64,308.25,310.79,313.21,315.48,317.54,319.35,320.85,321.97,322.68,322.91,322.62,321.78,320.4,318.47,316.05,313.2,310,306.56,0.02,0.14,0.06
306.19,309.35,312.43,315.38,318.16,320.71,322.97,324.86,326.32,327.27,327.63,327.35,326.38,324.71,322.36,319.36,315.8,311.8,307.48,0.02,0.14,0.07
306.78,310.51,314.17,317.7,321.04,324.14,326.91,329.28,331.14,332.4,332.96,332.73,331.66,329.7,326.86,323.21,318.85,313.9,308.55,0.02,0.14,0.08
307.39,311.75,316.03,320.18,324.15,327.86,331.23,334.16,336.52,338.19,339.04,338.93,337.78,335.53,332.17,327.77,322.45,316.4,309.83,0.02,0.14,0.09
308.04,313.05,317.99,322.82,327.47,331.88,335.95,339.56,342.55,344.77,346.02,346.14,344.98,342.44,338.5,333.23,326.79,319.41,311.37,0.02,0.14,0.1
308.71,314.4,320.04,325.59,331,336.2,341.08,345.5,349.29,352.23,354.08,354.58,353.5,350.7,346.11,339.82,332.04,323.05,313.24,0.02,0.14,0.11
309.4,315.79,322.15,328.47,334.7,340.77,346.59,351.99,356.78,360.68,363.37,364.47,363.65,360.65,355.36,347.86,338.44,327.49,315.51,0.02,0.14,0.12
310.08,317.17,324.27,331.38,338.48,345.52,352.4,358.97,365.01,370.18,374.05,376.11,375.81,372.73,366.67,357.72,346.28,332.91,318.27,0.02,0.14,0.13
310.73,318.5,326.33,334.24,342.24,350.3,358.36,366.29,373.86,380.69,386.23,389.75,390.42,387.5,380.6,369.86,355.87,339.5,321.61,0.02,0.14,0.14
311.34,319.74,328.26,336.94,345.83,354.95,364.27,373.73,383.12,392.06,399.89,405.62,407.95,405.6,397.82,384.8,367.55,347.4,325.58,0.02,0.14,0.15
304.79,306.56,308.28,309.93,311.47,312.88,314.12,315.15,315.93,316.43,316.61,316.44,315.9,314.98,313.68,312.03,310.07,307.86,305.47,0.02,0.15,0.05
305.22,307.42,309.57,311.62,313.56,315.34,316.92,318.26,319.29,319.97,320.26,320.09,319.46,318.32,316.69,314.6,312.1,309.26,306.19,0.02,0.15,0.06
305.68,308.32,310.91,313.41,315.77,317.97,319.93,321.61,322.95,323.86,324.3,324.18,323.46,322.12,320.15,317.57,314.45,310.89,307.03,0.02,0.15,0.07
306.15,309.27,312.33,315.3,318.13,320.78,323.19,325.29,326.99,328.2,328.85,328.83,328.07,326.53,324.18,321.06,317.23,312.83,308.02,0.02,0.15,0.08
306.65,310.26,313.83,317.31,320.65,323.82,326.73,329.32,331.47,333.08,334.03,334.19,333.45,331.72,328.98,325.23,320.58,315.17,309.22,0.02,0.15,0.09
307.16,311.3,315.4,319.42,323.33,327.07,330.57,333.74,336.46,338.58,339.96,340.41,339.77,337.91,334.76,330.31,324.67,318.04,310.71,0.02,0.15,0.1
307.69,312.37,317.03,321.63,326.15,330.52,334.7,338.56,341.97,344.77,346.75,347.66,347.27,345.35,341.79,336.54,329.73,321.61,312.55,0.02,0.15,0.11
308.23,313.46,318.68,323.89,329.05,334.13,339.06,343.74,348.02,351.69,354.5,356.11,356.18,354.37,350.43,344.28,336.06,326.09,314.87,0.02,0.15,0.12
308.76,314.52,320.32,326.14,331.98,337.81,343.59,349.21,354.53,359.33,363.27,365.93,366.8,365.34,361.14,354,344.05,331.76,317.81,0.02,0.15,0.13
309.25,315.54,321.88,328.31,334.83,341.45,348.13,354.82,361.37,367.57,373.03,377.21,379.4,378.75,374.51,366.29,354.22,338.98,321.54,0.02,0.15,0.14
309.71,316.46,323.32,330.31,337.49,344.89,352.51,360.34,368.29,376.16,383.59,389.93,394.19,395.08,391.27,381.93,367.2,348.15,326.26,0.02,0.15,0.15
306.73,310.32,313.65,316.6,319.08,321.04,322.42,323.24,323.49,323.22,322.46,321.28,319.73,317.86,315.75,313.42,310.95,308.36,305.7,0.025,0.05,0.05
307.85,312.51,316.81,320.6,323.77,326.23,327.94,328.9,329.14,328.71,327.67,326.1,324.08,321.69,318.99,316.05,312.94,309.69,306.37,0.025,0.05,0.06
309.13,315.02,320.43,325.16,329.08,332.07,334.1,335.17,335.34,334.67,333.27,331.25,328.69,325.7,322.38,318.78,315,311.07,307.06,0.025,0.05,0.07
310.66,317.99,324.69,330.51,335.25,338.81,341.14,342.27,342.27,341.28,339.42,336.83,333.64,329.99,325.96,321.66,317.15,312.51,307.78,0.025,0.05,0.08
312.5,321.57,329.81,336.89,342.57,346.72,349.31,350.4,350.13,348.67,346.2,342.92,339,334.57,329.77,324.69,319.42,314.01,308.53,0.025,0.05,0.09
314.77,325.96,336.05,344.62,351.35,356.1,358.88,359.8,359.07,356.96,353.71,349.57,344.76,339.46,333.79,327.87,321.78,315.57,309.3,0.025,0.05,0.1
317.59,331.41,343.77,354.09,362,367.34,370.16,370.69,369.25,366.22,361.96,356.77,350.92,344.61,337.98,331.16,324.2,317.17,310.09,0.025,0.05,0.11
321.14,338.25,353.4,365.82,375.03,380.87,383.49,383.28,380.78,376.49,370.92,364.45,357.39,349.95,342.28,334.49,326.64,318.77,310.89,0.025,0.05,0.12
325.64,346.91,365.53,380.45,391.05,397.17,399.18,397.74,393.66,387.69,380.47,372.46,364.01,355.33,346.56,337.79,329.04,320.33,311.65,0.025,0.05,0.13
331.37,357.91,380.88,398.79,410.77,416.75,417.47,414.06,407.75,399.57,390.33,380.55,370.56,360.57,350.68,340.91,331.29,321.79,312.37,0.025,0.05,0.14
338.63,371.9,400.35,421.76,434.87,439.9,438.31,431.96,422.64,411.72,400.11,388.36,376.76,365.44,354.44,343.75,333.32,323.1,313.01,0.025,0.05,0.15
307.19,311.24,315.01,318.38,321.26,323.56,325.25,326.29,326.69,326.48,325.7,324.4,322.65,320.52,318.06,315.34,312.43,309.36,306.2,0.025,0.06,0.05
308.45,313.7,318.59,322.95,326.64,329.57,331.68,332.95,333.38,333.03,331.95,330.23,327.94,325.18,322.03,318.57,314.87,311.01,307.03,0.025,0.06,0.06
309.88,316.51,322.65,328.1,332.69,336.3,338.84,340.31,340.73,340.17,338.71,336.47,333.57,330.11,326.2,321.95,317.43,312.72,307.89,0.025,0.06,0.07
311.55,319.77,327.37,334.08,339.68,344.01,347,348.64,348.97,348.09,346.15,343.28,339.65,335.4,330.65,325.52,320.12,314.51,308.79,0.025,0.06,0.08
313.53,323.65,332.96,341.13,347.87,353.01,356.44,358.18,358.31,356.99,354.41,350.77,346.27,341.1,335.41,329.32,322.96,316.41,309.73,0.025,0.06,0.09
315.91,328.29,339.65,349.54,357.61,363.62,367.48,369.22,368.99,367.03,363.61,359.01,353.47,347.24,340.48,333.34,325.95,318.39,310.72,0.025,0.06,0.1
318.8,333.92,347.75,359.69,369.3,376.26,380.49,382.06,381.24,378.37,373.84,368.02,361.25,353.78,345.83,337.55,329.06,320.44,311.74,0.025,0.06,0.11
322.31,340.78,357.6,372.02,383.42,391.4,395.88,397.02,395.25,391.1,385.12,377.79,369.53,360.66,351.39,341.88,332.23,322.52,312.76,0.025,0.06,0.12
326.58,349.13,369.63,387.06,400.57,409.62,414.12,414.42,411.19,405.25,397.37,388.18,378.19,367.72,357.02,346.22,335.39,324.57,313.78,0.025,0.06,0.13
331.74,359.28,384.3,405.45,421.47,431.57,435.68,434.48,429.08,420.69,410.38,398.96,386.97,374.77,362.56,350.44,338.43,326.55,314.75,0.025,0.06,0.14
337.89,371.45,402.1,427.88,446.85,457.81,460.85,457.22,448.7,437.08,423.77,409.75,395.57,381.54,367.8,354.38,341.25,328.36,315.64,0.025,0.06,0.15
307.48,311.82,315.88,319.56,322.74,325.33,327.27,328.54,329.11,329.01,328.26,326.92,325.06,322.73,320.01,316.98,313.7,310.23,306.64,0.025,0.07,0.05
308.81,314.44,319.72,324.47,328.56,331.88,334.35,335.93,336.6,336.4,335.37,333.59,331.14,328.12,324.63,320.74,316.56,312.16,307.61,0.025,0.07,0.06
310.32,317.4,324.02,329.97,335.07,339.19,342.21,344.09,344.83,344.47,343.09,340.78,337.67,333.87,329.51,324.71,319.57,314.18,308.63,0.025,0.07,0.07
312.04,320.78,328.95,336.27,342.52,347.51,351.13,353.31,354.07,353.47,351.62,348.67,344.77,340.09,334.77,328.95,322.77,316.32,309.7,0.025,0.07,0.08
314.05,324.73,334.69,343.6,351.16,357.15,361.41,363.88,364.58,363.62,361.16,357.41,352.57,346.85,340.44,333.51,326.19,318.6,310.84,0.025,0.07,0.09
316.41,329.37,341.44,352.22,361.31,368.43,373.38,376.1,376.63,375.14,371.88,367.12,361.14,354.21,346.56,338.38,329.82,321.01,312.04,0.025,0.07,0.1
319.19,334.85,349.43,362.41,373.32,381.75,387.44,390.34,390.52,388.27,383.92,377.88,370.51,362.16,353.1,343.54,333.65,323.54,313.3,0.025,0.07,0.11
322.47,341.32,358.89,374.53,387.6,397.55,404.05,406.99,406.57,403.2,397.4,389.72,380.67,370.66,360,348.94,337.61,326.14,314.59,0.025,0.07,0.12
326.31,348.92,370.07,388.93,404.63,416.41,423.74,426.52,425.09,420.1,412.34,402.59,391.5,379.57,367.14,354.45,341.63,328.76,315.88,0.025,0.07,0.13
330.74,357.75,383.19,405.99,424.96,438.93,447.1,449.38,446.33,439.02,428.66,416.3,402.79,388.67,374.32,359.92,345.58,331.32,317.14,0.025,0.07,0.14
335.74,367.82,398.35,426.03,449.11,465.74,474.68,475.87,470.35,459.82,446.06,430.52,414.19,397.68,381.29,365.16,349.32,333.73,318.32,0.025,0.07,0.15
307.62,312.11,316.34,320.2,323.58,326.39,328.55,330.03,330.78,330.82,330.17,328.85,326.94,324.5,321.61,318.33,314.76,310.96,307.02,0.025,0.08,0.05
308.98,314.79,320.27,325.26,329.62,333.24,336.02,337.89,338.82,338.82,337.92,336.18,333.68,330.5,326.76,322.55,317.98,313.13,308.11,0.025,0.08,0.06
310.49,317.77,324.63,330.87,336.33,340.83,344.27,346.56,347.66,347.58,346.38,344.13,340.95,336.96,332.28,327.06,321.4,315.44,309.27,0.025,0.08,0.07
312.2,321.14,329.56,337.23,343.92,349.43,353.6,356.34,357.59,357.38,355.78,352.92,348.94,344,338.27,331.92,325.09,317.91,310.51,0.025,0.08,0.08
314.15,324.99,335.22,344.53,352.64,359.3,364.3,367.51,368.89,368.47,366.36,362.73,357.78,351.74,344.81,337.2,329.06,320.57,311.84,0.025,0.08,0.09
316.4,329.43,341.75,352.96,362.73,370.73,376.68,380.41,381.88,381.13,378.33,373.74,367.62,360.27,351.96,342.92,333.35,323.42,313.26,0.025,0.08,0.1
318.98,334.55,349.29,362.75,374.48,384.06,391.12,395.42,396.9,395.65,391.93,386.09,378.53,369.63,359.72,349.08,337.93,326.45,314.77,0.025,0.08,0.11
321.93,340.42,357.99,374.1,388.19,399.68,408.06,412.98,414.36,412.35,407.37,399.92,390.57,379.8,368.05,355.62,342.76,329.63,316.35,0.025,0.08,0.12
325.27,347.09,367.94,387.22,404.18,418.03,428.01,433.61,434.69,431.56,424.83,415.28,403.69,390.71,376.84,362.44,347.74,332.89,317.96,0.025,0.08,0.13
328.97,354.54,379.19,402.23,422.73,439.54,451.52,457.86,458.36,453.54,444.39,432.1,417.74,402.15,385.91,369.37,352.75,336.13,319.55,0.025,0.08,0.14
332.96,362.64,391.62,419.15,444.04,464.64,479.15,486.25,485.72,478.43,465.98,450.14,432.41,413.81,394.97,376.19,357.62,339.27,321.09,0.025,0.08,0.15
307.63,312.14,316.41,320.35,323.84,326.79,329.12,330.78,331.72,331.92,331.39,330.16,328.28,325.8,322.8,319.37,315.58,311.54,307.31,0.025,0.09,0.05
308.97,314.79,320.31,325.39,329.9,333.71,336.73,338.86,340.05,340.29,339.57,337.96,335.49,332.27,328.4,323.97,319.11,313.92,308.51,0.025,0.09,0.06
310.44,317.69,324.58,330.93,336.57,341.34,345.1,347.75,349.21,349.47,348.54,346.46,343.34,339.29,334.44,328.93,322.89,316.47,309.8,0.025,0.09,0.07
312.08,320.94,329.36,337.14,344.05,349.89,354.5,357.73,359.5,359.76,358.54,355.93,352.04,347.03,341.07,334.34,327.01,319.25,311.19,0.025,0.09,0.08
313.92,324.59,334.75,344.15,352.52,359.62,365.21,369.11,371.2,371.43,369.85,366.57,361.76,355.63,348.4,340.3,331.52,322.27,312.71,0.025,0.09,0.09
315.99,328.71,340.85,352.12,362.19,370.76,377.51,382.19,384.64,384.81,382.75,378.63,372.69,365.23,356.52,346.85,336.46,325.57,314.36,0.025,0.09,0.1
318.32,333.34,347.75,361.18,373.26,383.57,391.71,397.33,400.2,400.23,397.53,392.33,385,375.92,365.48,354.02,341.82,329.13,316.14,0.025,0.09,0.11
320.91,338.52,355.5,371.45,385.9,398.33,408.18,414.95,418.29,418.1,414.51,407.92,398.82,387.78,375.29,361.78,347.58,332.93,318.03,0.025,0.09,0.12
323.75,344.23,364.11,382.98,400.27,415.31,427.31,435.53,439.44,438.85,434.03,425.57,414.24,400.79,385.9,370.06,353.66,336.91,320,0.025,0.09,0.13
326.79,350.39,373.51,395.73,416.44,434.73,449.49,459.59,464.18,462.97,456.41,445.43,431.21,414.82,397.12,378.7,359.91,340.98,321.99,0.025,0.09,0.14
329.95,356.84,383.48,409.54,434.32,456.69,475.05,487.61,493.01,490.84,481.83,467.47,449.56,429.61,408.69,387.42,366.15,344.99,323.95,0.025,0.09,0.15
307.52,311.94,316.15,320.06,323.56,326.58,329.02,330.82,331.92,332.29,331.92,330.82,329.02,326.58,323.56,320.06,316.15,311.94,307.52,0.025,0.1,0.05
308.81,314.48,319.9,324.94,329.47,333.37,336.53,338.86,340.29,340.78,340.29,338.86,336.53,333.37,329.47,324.94,319.9,314.48,308.81,0.025,0.1,0.06
310.2,317.24,323.98,330.25,335.9,340.79,344.76,347.69,349.5,350.1,349.5,347.69,344.76,340.79,335.9,330.25,323.98,317.24,310.2,0.025,0.1,0.07
311.73,320.28,328.47,336.12,343.04,349.04,353.94,357.57,359.8,360.56,359.8,357.57,353.94,349.04,343.04,336.12,328.47,320.28,311.73,0.025,0.1,0.08
313.42,323.64,333.46,342.67,351.04,358.32,364.3,368.75,371.5,372.43,371.5,368.75,364.3,358.32,351.04,342.67,333.46,323.64,313.42,0.025,0.1,0.09
315.29,327.37,339.01,349.99,360.02,368.82,376.09,381.53,384.91,386.05,384.91,381.53,376.09,368.82,360.02,349.99,339.01,327.37,315.29,0.025,0.1,0.1
317.34,331.47,345.16,358.15,370.11,380.71,389.54,396.2,400.37,401.78,400.37,396.21,389.54,380.71,370.11,358.15,345.16,331.47,317.34,0.025,0.1,0.11
319.57,335.95,351.91,367.18,381.4,394.15,404.9,413.12,418.29,420.06,418.29,413.12,404.9,394.15,381.4,367.18,351.91,335.95,319.57,0.025,0.1,0.12
321.95,340.75,359.21,377.05,393.91,409.25,422.41,432.62,439.13,441.36,439.13,432.62,422.41,409.25,393.91,377.05,359.21,340.75,321.95,0.025,0.1,0.13
324.43,345.78,366.92,387.63,407.54,426.03,442.23,455.06,463.37,466.26,463.37,455.06,442.23,426.03,407.54,387.63,366.92,345.78,324.43,0.025,0.1,0.14
326.92,350.88,374.84,398.68,422.07,444.34,464.41,480.71,491.46,495.23,491.46,480.71,464.41,444.34,422.07,398.68,374.84,350.88,326.92,0.025,0.1,0.15
307.31,311.54,315.58,319.37,322.8,325.8,328.28,330.16,331.39,331.92,331.72,330.78,329.13,326.79,323.84,320.35,316.41,312.14,307.63,0.025,0.11,0.05
308.51,313.92,319.11,323.97,328.4,332.27,335.49,337.96,339.57,340.29,340.05,338.86,336.73,333.71,329.9,325.39,320.31,314.79,308.97,0.025,0.11,0.06
309.8,316.47,322.89,328.93,334.44,339.29,343.34,346.46,348.54,349.47,349.21,347.75,345.1,341.34,336.57,330.93,324.58,317.69,310.44,0.025,0.11,0.07
311.19,319.25,327.01,334.34,341.07,347.03,352.04,355.93,358.54,359.76,359.5,357.73,354.5,349.89,344.05,337.14,329.36,320.94,312.08,0.025,0.11,0.08
312.71,322.27,331.52,340.3,348.4,355.63,361.76,366.57,369.85,371.43,371.2,369.11,365.21,359.62,352.52,344.15,334.75,324.59,313.92,0.025,0.11,0.09
314.36,325.57,336.46,346.85,356.52,365.23,372.69,378.63,382.75,384.81,384.64,382.19,377.51,370.76,362.19,352.12,340.85,328.71,315.99,0.025,0.11,0.1
316.14,329.13,341.82,354.02,365.48,375.92,385,392.33,397.53,400.23,400.2,397.33,391.71,383.57,373.26,361.18,347.75,333.34,318.32,0.025,0.11,0.11
318.03,332.93,347.58,361.78,375.29,387.78,398.82,407.92,414.51,418.1,418.29,414.95,408.18,398.33,385.9,371.45,355.5,338.52,320.91,0.025,0.11,0.12
320,336.92,353.66,370.06,385.9,400.79,414.23,425.57,434.03,438.85,439.44,435.53,427.31,415.31,400.27,382.98,364.11,344.23,323.75,0.025,0.11,0.13
321.99,340.98,359.91,378.7,397.12,414.82,431.21,445.43,456.41,462.97,464.18,459.59,449.49,434.73,416.44,395.73,373.51,350.39,326.8,0.025,0.11,0.14
323.95,344.99,366.15,387.42,408.69,429.61,449.56,467.47,481.83,490.84,493.01,487.61,475.05,456.69,434.32,409.54,383.48,356.84,329.96,0.025,0.11,0.15
307.02,310.96,314.76,318.33,321.61,324.5,326.94,328.85,330.17,330.82,330.78,330.03,328.55,326.39,323.58,320.2,316.34,312.11,307.62,0.025,0.12,0.05
308.11,313.13,317.98,322.55,326.76,330.5,333.68,336.18,337.92,338.82,338.82,337.89,336.02,333.24,329.62,325.26,320.27,314.79,308.98,0.025,0.12,0.06
309.27,315.44,321.4,327.06,332.28,336.96,340.95,344.13,346.38,347.58,347.66,346.56,344.27,340.83,336.33,330.87,324.63,317.77,310.49,0.025,0.12,0.07
310.51,317.91,325.09,331.92,338.27,344,348.94,352.92,355.78,357.38,357.59,356.34,353.6,349.43,343.92,337.23,329.56,321.14,312.2,0.025,0.12,0.08
311.84,320.57,329.06,337.2,344.81,351.74,357.78,362.73,366.36,368.47,368.89,367.51,364.3,359.29,352.64,344.53,335.22,324.99,314.15,0.025,0.12,0.09
313.26,323.42,333.35,342.92,351.96,360.27,367.62,373.74,378.33,381.13,381.88,380.41,376.68,370.73,362.73,352.96,341.75,329.43,316.4,0.025,0.12,0.1
314.77,326.45,337.93,349.08,359.72,369.63,378.53,386.09,391.93,395.65,396.9,395.42,391.12,384.06,374.48,362.75,349.29,334.55,318.98,0.025,0.12,0.11
316.35,329.63,342.76,355.62,368.05,379.8,390.57,399.92,407.37,412.35,414.36,412.98,408.06,399.68,388.19,374.1,357.99,340.42,321.93,0.025,0.12,0.12
317.96,332.89,347.74,362.44,376.84,390.71,403.69,415.28,424.83,431.56,434.69,433.61,428.01,418.03,404.18,387.22,367.94,347.09,325.27,0.025,0.12,0.13
319.55,336.13,352.75,369.37,385.91,402.15,417.74,432.1,444.39,453.54,458.36,457.86,451.52,439.54,422.73,402.23,379.19,354.54,328.97,0.025,0.12,0.14
321.09,339.27,357.62,376.19,394.97,413.81,432.41,450.14,465.98,478.43,485.72,486.25,479.15,464.64,444.04,419.15,391.62,362.64,332.96,0.025,0.12,0.15
306.64,310.23,313.7,316.98,320.01,322.73,325.06,326.92,328.26,329.01,329.11,328.54,327.27,325.33,322.73,319.56,315.88,311.82,307.48,0.025,0.13,0.05
307.61,312.16,316.56,320.74,324.63,328.12,331.14,333.59,335.37,336.4,336.6,335.93,334.35,331.88,328.56,324.47,319.72,314.44,308.81,0.025,0.13,0.06
308.63,314.18,319.57,324.71,329.51,333.87,337.67,340.78,343.09,344.47,344.83,344.09,342.21,339.19,335.07,329.97,324.02,317.4,310.32,0.025,0.13,0.07
309.7,316.32,322.77,328.95,334.77,340.09,344.77,348.67,351.62,353.47,354.07,353.31,351.13,347.51,342.52,336.27,328.95,320.78,312.04,0.025,0.13,0.08
310.84,318.6,326.19,333.51,340.44,346.85,352.57,357.41,361.16,363.62,364.58,363.88,361.41,357.15,351.16,343.6,334.69,324.73,314.05,0.025,0.13,0.09
312.04,321.01,329.82,338.38,346.56,354.21,361.14,367.12,371.88,375.14,376.63,376.1,373.38,368.43,361.31,352.22,341.44,329.37,316.41,0.025,0.13,0.1
313.3,323.54,333.65,343.54,353.1,362.16,370.51,377.88,383.92,388.27,390.52,390.34,387.44,381.75,373.32,362.41,349.43,334.85,319.19,0.025,0.13,0.11
314.59,326.14,337.61,348.94,360,370.66,380.67,389.72,397.4,403.2,406.57,406.99,404.05,397.55,387.6,374.53,358.89,341.32,322.47,0.025,0.13,0.12
315.88,328.76,341.63,354.45,367.14,379.57,391.5,402.59,412.34,420.1,425.09,426.52,423.74,416.41,404.63,388.93,370.07,348.92,326.31,0.025,0.13,0.13
317.14,331.32,345.58,359.92,374.32,388.67,402.79,416.3,428.66,439.02,446.33,449.38,447.1,438.93,424.96,405.99,383.19,357.75,330.74,0.025,0.13,0.14
318.32,333.73,349.32,365.16,381.29,397.68,414.19,430.52,446.06,459.82,470.35,475.87,474.68,465.74,449.11,426.03,398.35,367.82,335.74,0.025,0.13,0.15
306.2,309.36,312.43,315.34,318.06,320.52,322.65,324.4,325.7,326.48,326.69,326.29,325.25,323.56,321.26,318.38,315.01,311.24,307.19,0.025,0.14,0.05
307.03,311.01,314.87,318.57,322.03,325.18,327.94,330.23,331.95,333.03,333.38,332.95,331.68,329.57,326.64,322.95,318.59,313.7,308.45,0.025,0.14,0.06
307.89,312.72,317.43,321.95,326.2,330.11,333.57,336.47,338.71,340.17,340.73,340.31,338.84,336.3,332.69,328.1,322.65,316.51,309.88,0.025,0.14,0.07
308.79,314.51,320.12,325.52,330.65,335.4,339.65,343.28,346.15,348.09,348.97,348.64,347,344.01,339.68,334.08,327.37,319.77,311.55,0.025,0.14,0.08
309.73,316.41,322.96,329.32,335.41,341.1,346.27,350.77,354.41,356.99,358.31,358.18,356.44,353.01,347.87,341.13,332.96,323.65,313.53,0.025,0.14,0.09
310.72,318.39,325.95,333.34,340.48,347.24,353.47,359.01,363.61,367.03,368.99,369.22,367.48,363.62,357.61,349.54,339.65,328.29,315.91,0.025,0.14,0.1
311.74,320.44,329.06,337.55,345.83,353.78,361.25,368.02,373.84,378.37,381.24,382.06,380.49,376.26,369.3,359.69,347.75,333.92,318.8,0.025,0.14,0.11
312.76,322.52,332.23,341.88,351.39,360.66,369.53,377.79,385.12,391.1,395.25,397.02,395.88,391.4,383.42,372.02,357.6,340.78,322.31,0.025,0.14,0.12
313.78,324.57,335.39,346.22,357.02,367.72,378.19,388.18,397.37,405.25,411.19,414.42,414.12,409.62,400.57,387.06,369.63,349.13,326.58,0.025,0.14,0.13
314.75,326.55,338.43,350.44,362.56,374.77,386.97,398.96,410.38,420.69,429.08,434.48,435.68,431.57,421.47,405.45,384.3,359.27,331.74,0.025,0.14,0.14
315.64,328.36,341.25,354.38,367.8,381.54,395.57,409.75,423.77,437.08,448.7,457.22,460.85,457.81,446.85,427.88,402.1,371.45,337.89,0.025,0.14,0.15
305.7,308.36,310.95,313.42,315.75,317.86,319.73,321.28,322.46,323.22,323.49,323.24,322.42,321.04,319.08,316.6,313.65,310.32,306.73,0.025,0.15,0.05
306.37,309.69,312.94,316.05,318.99,321.69,324.08,326.1,327.67,328.71,329.14,328.9,327.94,326.23,323.77,320.6,316.81,312.51,307.85,0.025,0.15,0.06
307.06,311.07,315,318.78,322.38,325.7,328.69,331.25,333.27,334.67,335.34,335.17,334.1,332.07,329.08,325.16,320.43,315.02,309.13,0.025,0.15,0.07
307.78,312.51,317.15,321.66,325.96,329.99,333.64,336.83,339.42,341.28,342.27,342.27,341.14,338.81,335.25,330.51,324.69,317.99,310.66,0.025,0.15,0.08
308.53,314.01,319.42,324.69,329.77,334.57,339,342.92,346.2,348.67,350.13,350.4,349.31,346.72,342.57,336.89,329.81,321.57,312.5,0.025,0.15,0.09
309.3,315.57,321.78,327.87,333.79,339.46,344.76,349.57,353.71,356.96,359.07,359.8,358.88,356.1,351.35,344.62,336.05,325.96,314.77,0.025,0.15,0.1
310.09,317.17,324.2,331.16,337.98,344.61,350.92,356.77,361.96,366.22,369.25,370.69,370.16,367.34,362,354.09,343.77,331.41,317.59,0.025,0.15,0.11
310.89,318.77,326.64,334.49,342.28,349.95,357.39,364.45,370.92,376.49,380.78,383.28,383.49,380.87,375.03,365.82,353.4,338.25,321.14,0.025,0.15,0.12
311.65,320.33,329.04,337.79,346.56,355.33,364.01,372.46,380.47,387.69,393.66,397.74,399.18,397.17,391.05,380.45,365.53,346.91,325.64,0.025,0.15,0.13
312.37,321.79,331.29,340.91,350.68,360.57,370.56,380.55,390.33,399.57,407.75,414.06,417.47,416.75,410.77,398.79,380.88,357.91,331.37,0.025,0.15,0.14
313.01,323.1,333.32,343.75,354.44,365.44,376.76,388.36,400.11,411.72,422.64,431.96,438.31,439.91,434.87,421.76,400.35,371.9,338.64,0.025,0.15,0.15
308.11,313.04,317.59,321.63,325.03,327.7,329.59,330.7,331.04,330.66,329.62,328,325.88,323.33,320.43,317.26,313.87,310.33,306.69,0.03,0.05,0.05
309.71,316.15,322.1,327.34,331.71,335.1,337.46,338.78,339.09,338.49,337.04,334.87,332.08,328.78,325.05,321,316.71,312.23,307.64,0.03,0.05,0.06
311.52,319.69,327.2,333.76,339.18,343.31,346.1,347.57,347.78,346.85,344.9,342.08,338.54,334.4,329.8,324.83,319.59,314.16,308.61,0.03,0.05,0.07
313.66,323.85,333.16,341.23,347.8,352.7,355.9,357.44,357.42,356.02,353.42,349.82,345.41,340.34,334.77,328.81,322.58,316.15,309.61,0.03,0.05,0.08
316.24,328.86,340.31,350.12,357.97,363.67,367.21,368.68,368.27,366.21,362.78,358.22,352.77,346.65,340,332.98,325.69,318.22,310.64,0.03,0.05,0.09
319.4,334.98,349,360.85,370.12,376.63,380.4,381.6,380.53,377.56,373.04,367.31,360.66,353.32,345.49,337.32,328.91,320.35,311.7,0.03,0.05,0.1
323.34,342.57,359.71,373.95,384.79,392.05,395.82,396.44,394.38,390.15,384.24,377.07,369,360.3,351.17,341.77,332.19,322.51,312.77,0.03,0.05,0.11
328.29,352.09,373.04,390.08,402.6,410.43,413.85,413.43,409.89,403.95,396.26,387.37,377.66,367.45,356.93,346.24,335.46,324.65,313.83,0.03,0.05,0.12
334.58,364.11,389.74,410.05,424.24,432.28,434.75,432.61,426.94,418.75,408.88,397.95,386.42,374.56,362.59,350.59,338.62,326.71,314.84,0.03,0.05,0.13
342.6,379.39,410.76,434.72,450.34,457.88,458.5,453.74,445.18,434.15,421.67,408.45,394.92,381.37,367.92,354.65,341.55,328.61,315.77,0.03,0.05,0.14
352.88,398.86,437.16,464.84,480.99,486.81,484.45,476.14,463.94,449.54,434.11,418.41,402.84,387.59,372.73,358.26,344.13,330.27,316.59,0.03,0.05,0.15
308.79,314.38,319.59,324.24,328.21,331.39,333.71,335.14,335.69,335.39,334.31,332.52,330.1,327.16,323.77,320.02,316,311.77,307.42,0.03,0.06,0.05
310.62,317.97,324.8,330.88,336.04,340.12,343.06,344.82,345.42,344.92,343.4,340.99,337.79,333.94,329.55,324.72,319.56,314.17,308.62,0.03,0.06,0.06
312.67,322,330.63,338.28,344.72,349.76,353.32,355.36,355.93,355.12,353.07,349.92,345.84,340.99,335.51,329.55,323.21,316.62,309.85,0.03,0.06,0.07
315.06,326.66,337.36,346.8,354.66,360.73,364.9,367.17,367.6,366.35,363.6,359.57,354.46,348.48,341.81,334.61,327.02,319.16,311.12,0.03,0.06,0.08
317.88,332.16,345.3,356.79,366.26,373.45,378.23,380.62,380.76,378.87,375.21,370.08,363.76,356.48,348.49,339.95,331.01,321.81,312.45,0.03,0.06,0.09
321.26,338.76,354.77,368.68,379.99,388.38,393.72,396.08,395.7,392.9,388.06,381.57,373.8,365.04,355.56,345.55,335.18,324.58,313.82,0.03,0.06,0.1
325.35,346.73,366.21,382.97,396.38,406.04,411.84,413.94,412.69,408.61,402.22,394.05,384.55,374.09,362.96,351.37,339.48,327.41,315.23,0.03,0.06,0.11
330.33,356.42,380.08,400.24,416.06,427.04,433.09,434.53,431.94,426.07,417.68,407.44,395.91,383.52,370.58,357.3,343.83,330.26,316.64,0.03,0.06,0.12
336.38,368.21,396.96,421.19,439.75,451.99,457.92,458.11,453.51,445.21,434.25,421.5,407.63,393.1,378.22,363.19,348.12,333.06,318.02,0.03,0.06,0.13
343.72,382.54,417.49,446.57,468.15,481.43,486.59,484.69,477.21,465.71,451.57,435.88,419.37,402.53,385.64,368.85,352.2,335.7,319.32,0.03,0.06,0.14
352.53,399.83,442.32,477.11,501.73,515.3,518.71,513.77,502.52,487.05,469.15,450.12,430.76,411.52,392.61,374.09,355.95,338.12,320.5,0.03,0.06,0.15
309.2,315.21,320.84,325.92,330.32,333.9,336.59,338.33,339.12,338.97,337.94,336.09,333.5,330.29,326.53,322.33,317.79,313,308.04,0.03,0.07,0.05
311.16,319.07,326.47,333.13,338.87,343.52,346.97,349.17,350.11,349.82,348.37,345.87,342.44,338.2,333.3,327.86,322,315.83,309.46,0.03,0.07,0.06
313.34,323.35,332.7,341.1,348.29,354.09,358.34,360.98,362.01,361.48,359.52,356.26,351.86,346.51,340.37,333.6,326.35,318.75,310.93,0.03,0.07,0.07
315.82,328.22,339.79,350.16,358.99,366.04,371.13,374.19,375.24,374.37,371.73,367.55,362.03,355.41,347.89,339.67,330.93,321.82,312.47,0.03,0.07,0.08
318.7,333.88,348.02,360.64,371.34,379.79,385.78,389.23,390.18,388.79,385.29,379.96,373.11,365.01,355.95,346.14,335.79,325.05,314.09,0.03,0.07,0.09
322.08,340.51,357.66,372.92,385.77,395.8,402.75,406.52,407.21,405.06,400.41,393.65,385.19,375.39,364.58,353.01,340.92,328.46,315.78,0.03,0.07,0.1
326.05,348.32,369.02,387.39,402.77,414.6,422.54,426.52,426.7,423.44,417.27,408.72,398.32,386.53,373.74,360.25,346.28,332,317.54,0.03,0.07,0.11
330.73,357.52,382.44,404.52,422.86,436.75,445.72,449.7,448.98,444.16,435.96,425.15,412.42,398.33,383.33,367.74,351.79,335.62,319.34,0.03,0.07,0.12
336.19,368.32,398.25,424.77,446.65,462.88,472.84,476.49,474.34,467.3,456.44,442.81,427.3,410.59,393.16,375.34,357.33,339.24,321.12,0.03,0.07,0.13
342.52,380.87,416.76,448.61,474.72,493.58,504.37,507.16,502.82,492.74,478.46,461.39,442.64,423,402.96,382.83,362.74,342.74,322.84,0.03,0.07,0.14
349.69,395.24,438.18,476.45,507.53,529.12,540.22,541.4,534.07,520.11,501.62,480.47,458.05,435.22,412.46,389.98,367.85,346.04,324.46,0.03,0.07,0.15
309.4,315.61,321.48,326.82,331.5,335.38,338.38,340.42,341.46,341.51,340.6,338.78,336.14,332.76,328.75,324.22,319.27,314.02,308.56,0.03,0.08,0.05
311.4,319.57,327.27,334.28,340.41,345.49,349.38,352,353.3,353.3,352.03,349.58,346.07,341.61,336.36,330.45,324.03,317.23,310.18,0.03,0.08,0.06
313.61,323.91,333.62,342.46,350.17,356.53,361.38,364.6,366.15,366.03,364.32,361.14,356.63,350.99,344.38,337,329.01,320.58,311.86,0.03,0.08,0.07
316.08,328.78,340.75,351.64,361.13,368.93,374.83,378.69,380.45,380.13,377.86,373.79,368.13,361.13,353.01,344,334.32,324.14,313.65,0.03,0.08,0.08
318.89,334.33,348.89,362.12,373.64,383.07,390.15,394.68,396.61,395.99,392.97,387.81,380.78,372.2,362.37,351.55,340.01,327.94,315.55,0.03,0.08,0.09
322.11,340.7,358.23,374.19,388.06,399.38,407.78,413.04,415.07,413.96,409.97,403.43,394.75,384.31,372.51,359.68,346.1,332,317.58,0.03,0.08,0.1
325.8,348.01,369,388.13,404.76,418.29,428.23,434.24,436.26,434.44,429.14,420.85,410.13,397.51,383.47,368.38,352.57,336.29,319.71,0.03,0.08,0.11
330.02,356.37,381.37,404.23,424.15,440.3,452.01,458.83,460.66,457.76,450.7,440.18,426.97,411.76,395.14,377.56,359.35,340.75,321.92,0.03,0.08,0.12
334.77,365.86,395.49,422.75,446.59,465.9,479.69,487.33,488.69,484.23,474.79,461.42,445.15,426.91,407.38,387.06,366.3,345.29,324.17,0.03,0.08,0.13
340.05,376.44,411.4,443.85,472.43,495.55,511.76,520.15,520.65,513.96,501.37,484.38,464.44,442.67,419.91,396.67,373.25,349.8,326.39,0.03,0.08,0.14
345.76,388.01,429.02,467.58,501.87,529.53,548.35,557.21,556.31,546.73,530.18,508.77,484.45,458.69,432.41,406.1,380,354.15,328.52,0.03,0.08,0.15
309.41,315.65,321.58,327.03,331.86,335.94,339.17,341.46,342.76,343.04,342.3,340.6,337.99,334.56,330.42,325.66,320.42,314.82,308.97,0.03,0.09,0.05
311.39,319.57,327.34,334.48,340.81,346.17,350.4,353.39,355.06,355.39,354.39,352.11,348.65,344.13,338.69,332.47,325.64,318.34,310.75,0.03,0.09,0.06
313.54,323.82,333.58,342.56,350.54,357.28,362.6,366.34,368.41,368.77,367.44,364.51,360.09,354.36,347.5,339.7,331.16,322.07,312.62,0.03,0.09,0.07
315.91,328.51,340.49,351.54,361.35,369.65,376.19,380.77,383.26,383.62,381.88,378.17,372.64,365.53,357.08,347.52,337.11,326.08,314.64,0.03,0.09,0.08
318.57,333.77,348.25,361.63,373.54,383.63,391.56,397.09,400.04,400.36,398.1,393.43,386.59,377.87,367.6,356.07,343.59,330.43,316.82,0.03,0.09,0.09
321.54,339.68,356.99,373.05,387.38,399.55,409.12,415.75,419.2,419.42,416.48,410.62,402.18,391.56,379.18,365.42,350.64,335.13,319.18,0.03,0.09,0.1
324.87,346.31,366.84,385.97,403.14,417.76,429.27,437.2,441.22,441.23,437.38,430.01,419.61,406.72,391.89,375.6,358.26,340.2,321.7,0.03,0.09,0.11
328.57,353.68,377.87,400.54,421.03,438.6,452.46,461.95,466.59,466.26,461.19,451.87,439.03,423.41,405.73,386.56,366.39,345.58,324.38,0.03,0.09,0.12
332.6,361.79,390.07,416.82,441.25,462.37,479.12,490.5,495.85,494.97,488.22,476.39,460.49,441.58,420.57,398.18,374.93,351.18,327.15,0.03,0.09,0.13
336.92,370.52,403.35,434.77,463.84,489.29,509.58,523.28,529.39,527.67,518.68,503.59,483.89,461.04,436.2,410.24,383.69,356.87,329.95,0.03,0.09,0.14
341.43,379.69,417.48,454.19,488.74,519.42,544,560.32,567.09,564.22,552.45,533.34,508.99,481.46,452.28,422.43,392.43,362.5,332.71,0.03,0.09,0.15
309.26,315.37,321.21,326.62,331.47,335.64,339.02,341.51,343.03,343.54,343.03,341.51,339.02,335.64,331.47,326.62,321.21,315.37,309.26,0.03,0.1,0.05
311.16,319.14,326.76,333.84,340.2,345.68,350.13,353.4,355.41,356.09,355.41,353.4,350.13,345.68,340.2,333.84,326.76,319.14,311.16,0.03,0.1,0.06
313.2,323.17,332.71,341.59,349.6,356.51,362.12,366.27,368.82,369.68,368.82,366.27,362.12,356.51,349.6,341.59,332.71,323.17,313.2,0.03,0.1,0.07
315.41,327.57,339.22,350.09,359.93,368.45,375.4,380.55,383.72,384.79,383.72,380.55,375.4,368.45,359.93,350.09,339.22,327.57,315.41,0.03,0.1,0.08
317.85,332.41,346.4,359.51,371.42,381.79,390.28,396.61,400.51,401.83,400.51,396.61,390.28,381.79,371.42,359.51,346.4,332.41,317.85,0.03,0.1,0.09
320.53,337.75,354.35,369.99,384.27,396.78,407.11,414.84,419.63,421.25,419.63,414.84,407.11,396.78,384.27,369.99,354.35,337.75,320.53,0.03,0.1,0.1
323.46,343.61,363.12,381.6,398.63,413.67,426.19,435.64,441.53,443.53,441.53,435.64,426.19,413.67,398.63,381.6,363.12,343.61,323.46,0.03,0.1,0.11
326.63,349.97,372.69,394.4,414.59,432.64,447.83,459.41,466.68,469.16,466.68,459.41,447.83,432.64,414.59,394.4,372.69,349.97,326.63,0.03,0.1,0.12
330,356.76,383,408.31,432.16,453.79,472.26,486.51,495.56,498.66,495.56,486.51,472.26,453.79,432.16,408.31,383,356.76,330,0.03,0.1,0.13
333.5,363.85,393.86,423.17,451.21,477.09,499.59,517.22,528.53,532.43,528.53,517.22,499.59,477.09,451.21,423.17,393.86,363.85,333.5,0.03,0.1,0.14
337.03,371.06,405.03,438.69,471.48,502.38,529.78,551.55,565.53,570.34,565.53,551.55,529.78,502.38,471.48,438.69,405.03,371.06,337.03,0.03,0.1,0.15
308.97,314.82,320.42,325.66,330.42,334.56,337.99,340.6,342.3,343.04,342.76,341.46,339.17,335.94,331.86,327.03,321.58,315.65,309.41,0.03,0.11,0.05
310.75,318.34,325.64,332.47,338.69,344.13,348.65,352.11,354.39,355.39,355.06,353.39,350.4,346.17,340.81,334.48,327.34,319.57,311.39,0.03,0.11,0.06
312.62,322.07,331.16,339.7,347.5,354.36,360.09,364.51,367.44,368.77,368.41,366.34,362.6,357.28,350.54,342.56,333.58,323.82,313.54,0.03,0.11,0.07
314.64,326.08,337.11,347.52,357.08,365.53,372.64,378.17,381.88,383.62,383.26,380.77,376.19,369.65,361.35,351.54,340.49,328.51,315.91,0.03,0.11,0.08
316.82,330.43,343.59,356.07,367.6,377.87,386.59,393.43,398.1,400.36,400.04,397.09,391.56,383.63,373.54,361.63,348.25,333.77,318.57,0.03,0.11,0.09
319.18,335.13,350.64,365.42,379.18,391.56,402.18,410.62,416.48,419.42,419.2,415.75,409.12,399.55,387.38,373.05,356.99,339.68,321.54,0.03,0.11,0.1
321.7,340.2,358.26,375.6,391.89,406.72,419.61,430.01,437.38,441.23,441.22,437.2,429.27,417.76,403.14,385.97,366.84,346.31,324.87,0.03,0.11,0.11
324.38,345.58,366.39,386.56,405.73,423.41,439.03,451.87,461.19,466.27,466.59,461.95,452.46,438.6,421.03,400.54,377.87,353.68,328.57,0.03,0.11,0.12
327.15,351.18,374.93,398.18,420.57,441.58,460.49,476.39,488.22,494.97,495.85,490.5,479.12,462.37,441.25,416.82,390.07,361.79,332.6,0.03,0.11,0.13
329.95,356.87,383.69,410.24,436.2,461.04,483.89,503.59,518.68,527.67,529.39,523.28,509.58,489.29,463.84,434.77,403.35,370.52,336.92,0.03,0.11,0.14
332.71,362.5,392.43,422.43,452.28,481.46,508.99,533.34,552.46,564.22,567.09,560.31,544,519.43,488.74,454.19,417.48,379.69,341.43,0.03,0.11,0.15
308.56,314.02,319.27,324.22,328.75,332.76,336.14,338.78,340.6,341.51,341.46,340.42,338.38,335.38,331.5,326.82,321.48,315.61,309.4,0.03,0.12,0.05
310.18,317.23,324.03,330.45,336.36,341.61,346.07,349.58,352.03,353.3,353.3,352,349.38,345.49,340.41,334.28,327.27,319.57,311.41,0.03,0.12,0.06
311.86,320.58,329.01,337,344.38,350.99,356.63,361.14,364.32,366.03,366.15,364.6,361.38,356.53,350.17,342.46,333.62,323.91,313.61,0.03,0.12,0.07
313.65,324.14,334.32,344,353.01,361.13,368.13,373.79,377.86,380.13,380.45,378.69,374.83,368.93,361.13,351.64,340.75,328.78,316.08,0.03,0.12,0.08
315.55,327.94,340.01,351.55,362.37,372.2,380.78,387.81,392.97,395.99,396.61,394.68,390.15,383.07,373.64,362.12,348.89,334.33,318.89,0.03,0.12,0.09
317.58,332,346.1,359.68,372.51,384.31,394.75,403.43,409.97,413.96,415.07,413.04,407.79,399.38,388.06,374.19,358.23,340.7,322.11,0.03,0.12,0.1
319.71,336.29,352.57,368.38,383.47,397.51,410.13,420.85,429.14,434.44,436.26,434.24,428.23,418.29,404.76,388.13,369,348.01,325.81,0.03,0.12,0.11
321.92,340.75,359.35,377.56,395.14,411.76,426.97,440.18,450.7,457.76,460.66,458.83,452.01,440.3,424.15,404.23,381.37,356.37,330.02,0.03,0.12,0.12
324.17,345.29,366.3,387.06,407.38,426.91,445.15,461.41,474.79,484.23,488.69,487.33,479.69,465.9,446.59,422.75,395.49,365.86,334.77,0.03,0.12,0.13
326.39,349.8,373.25,396.67,419.91,442.67,464.44,484.38,501.37,513.96,520.65,520.15,511.76,495.55,472.43,443.85,411.4,376.44,340.05,0.03,0.12,0.14
328.52,354.15,380,406.1,432.41,458.69,484.45,508.77,530.18,546.73,556.31,557.21,548.35,529.52,501.88,467.58,429.02,388.01,345.76,0.03,0.12,0.15
308.04,313,317.79,322.33,326.53,330.29,333.5,336.09,337.94,338.97,339.12,338.33,336.59,333.9,330.32,325.92,320.84,315.21,309.2,0.03,0.13,0.05
309.46,315.83,322,327.86,333.3,338.2,342.44,345.87,348.37,349.82,350.11,349.17,346.97,343.52,338.87,333.13,326.47,319.07,311.16,0.03,0.13,0.06
310.93,318.75,326.35,333.6,340.37,346.51,351.86,356.26,359.52,361.48,362.01,360.98,358.34,354.09,348.29,341.1,332.7,323.35,313.34,0.03,0.13,0.07
312.47,321.82,330.93,339.67,347.89,355.41,362.03,367.55,371.73,374.37,375.24,374.19,371.13,366.04,358.99,350.15,339.79,328.22,315.82,0.03,0.13,0.08
314.08,325.06,335.79,346.14,355.95,365.01,373.11,379.96,385.29,388.79,390.18,389.23,385.78,379.79,371.34,360.64,348.02,333.88,318.71,0.03,0.13,0.09
315.78,328.46,340.92,353.01,364.58,375.39,385.19,393.65,400.41,405.06,407.21,406.52,402.75,395.8,385.77,372.92,357.66,340.51,322.08,0.03,0.13,0.1
317.54,332,346.28,360.25,373.74,386.53,398.32,408.72,417.27,423.45,426.7,426.52,422.54,414.6,402.77,387.39,369.02,348.32,326.05,0.03,0.13,0.11
319.34,335.62,351.79,367.74,383.33,398.33,412.42,425.15,435.96,444.16,448.98,449.7,445.72,436.75,422.86,404.52,382.44,357.52,330.73,0.03,0.13,0.12
321.12,339.24,357.33,375.34,393.16,410.59,427.3,442.81,456.44,467.3,474.34,476.49,472.84,462.88,446.65,424.76,398.25,368.32,336.2,0.03,0.13,0.13
322.84,342.74,362.74,382.83,402.96,423,442.64,461.39,478.46,492.74,502.82,507.16,504.37,493.59,474.72,448.61,416.76,380.87,342.52,0.03,0.13,0.14
324.46,346.04,367.85,389.98,412.46,435.22,458.05,480.47,501.62,520.11,534.07,541.4,540.23,529.12,507.53,476.46,438.18,395.24,349.69,0.03,0.13,0.15
307.42,311.77,316,320.02,323.77,327.16,330.1,332.52,334.31,335.39,335.69,335.14,333.71,331.39,328.21,324.24,319.59,314.38,308.79,0.03,0.14,0.05
308.62,314.17,319.56,324.72,329.55,333.94,337.79,340.99,343.4,344.92,345.42,344.82,343.06,340.12,336.04,330.88,324.8,317.97,310.62,0.03,0.14,0.06
309.85,316.62,323.21,329.55,335.51,340.99,345.84,349.92,353.07,355.12,355.93,355.36,353.32,349.76,344.72,338.28,330.63,322,312.68,0.03,0.14,0.07
311.12,319.16,327.02,334.61,341.81,348.48,354.46,359.57,363.6,366.35,367.6,367.17,364.9,360.73,354.66,346.8,337.36,326.66,315.06,0.03,0.14,0.08
312.45,321.81,331.01,339.95,348.49,356.48,363.76,370.08,375.21,378.87,380.76,380.62,378.23,373.45,366.26,356.79,345.3,332.16,317.88,0.03,0.14,0.09
313.82,324.58,335.18,345.55,355.56,365.04,373.8,381.57,388.06,392.9,395.7,396.08,393.72,388.38,379.99,368.68,354.77,338.76,321.26,0.03,0.14,0.1
315.23,327.41,339.48,351.37,362.96,374.09,384.55,394.05,402.22,408.61,412.69,413.94,411.84,406.04,396.38,382.97,366.21,346.73,325.35,0.03,0.14,0.11
316.64,330.26,343.83,357.3,370.58,383.52,395.91,407.44,417.68,426.07,431.94,434.53,433.09,427.04,416.06,400.24,380.08,356.41,330.33,0.03,0.14,0.12
318.02,333.06,348.12,363.19,378.22,393.1,407.63,421.5,434.25,445.21,453.51,458.11,457.92,451.99,439.75,421.19,396.96,368.21,336.38,0.03,0.14,0.13
319.32,335.7,352.2,368.85,385.64,402.53,419.37,435.88,451.57,465.71,477.21,484.69,486.59,481.43,468.15,446.57,417.49,382.54,343.72,0.03,0.14,0.14
320.5,338.12,355.95,374.09,392.61,411.52,430.76,450.12,469.15,487.05,502.52,513.77,518.72,515.3,501.73,477.11,442.32,399.83,352.53,0.03,0.14,0.15
306.69,310.33,313.87,317.26,320.43,323.33,325.88,328,329.62,330.66,331.04,330.7,329.59,327.7,325.03,321.63,317.59,313.03,308.11,0.03,0.15,0.05
307.64,312.23,316.71,321,325.05,328.78,332.08,334.87,337.04,338.49,339.09,338.78,337.46,335.1,331.71,327.34,322.1,316.15,309.71,0.03,0.15,0.06
308.61,314.16,319.59,324.83,329.8,334.4,338.54,342.08,344.9,346.85,347.78,347.57,346.1,343.31,339.18,333.76,327.2,319.69,311.52,0.03,0.15,0.07
309.61,316.15,322.58,328.81,334.77,340.34,345.41,349.82,353.42,356.02,357.42,357.44,355.9,352.7,347.8,341.23,333.16,323.85,313.66,0.03,0.15,0.08
310.64,318.22,325.69,332.98,340,346.65,352.77,358.22,362.78,366.21,368.27,368.68,367.21,363.67,357.97,350.12,340.31,328.86,316.24,0.03,0.15,0.09
311.7,320.35,328.91,337.32,345.49,353.32,360.66,367.31,373.04,377.56,380.53,381.6,380.4,376.63,370.12,360.85,349,334.98,319.4,0.03,0.15,0.1
312.77,322.51,332.19,341.77,351.17,360.3,369,377.07,384.24,390.15,394.38,396.44,395.82,392.05,384.79,373.95,359.71,342.57,323.34,0.03,0.15,0.11
313.83,324.65,335.46,346.24,356.93,367.45,377.66,387.37,396.26,403.95,409.89,413.43,413.85,410.43,402.6,390.08,373.03,352.09,328.3,0.03,0.15,0.12
314.84,326.71,338.62,350.59,362.59,374.56,386.42,397.95,408.88,418.76,426.94,432.61,434.75,432.28,424.24,410.05,389.74,364.11,334.58,0.03,0.15,0.13
315.77,328.61,341.55,354.65,367.92,381.37,394.92,408.45,421.67,434.15,445.18,453.74,458.5,457.88,450.34,434.72,410.76,379.39,342.61,0.03,0.15,0.14
316.59,330.27,344.13,358.26,372.73,387.59,402.84,418.41,434.12,449.54,463.94,476.14,484.45,486.81,480.99,464.84,437.15,398.87,352.88,0.03,0.15,0.15
309.5,315.77,321.56,326.69,331.01,334.39,336.79,338.19,338.61,338.12,336.8,334.74,332.04,328.8,325.12,321.09,316.79,312.3,307.68,0.035,0.05,0.05
311.64,319.95,327.61,334.35,339.96,344.31,347.33,349.01,349.4,348.61,346.75,343.95,340.36,336.11,331.33,326.12,320.6,314.86,308.96,0.035,0.05,0.06
314.03,324.61,334.31,342.79,349.76,355.08,358.66,360.53,360.78,359.56,357.03,353.38,348.81,343.47,337.54,331.13,324.38,317.38,310.23,0.035,0.05,0.07
316.82,330.04,342.09,352.52,360.98,367.28,371.37,373.31,373.26,371.42,368.05,363.39,357.68,351.14,343.95,336.28,328.24,319.96,311.52,0.035,0.05,0.08
320.18,336.55,351.36,364.03,374.12,381.43,385.93,387.76,387.18,384.48,380.03,374.14,367.11,359.21,350.65,341.61,332.22,322.6,312.83,0.035,0.05,0.09
324.29,344.49,362.6,377.86,389.74,398.03,402.77,404.23,402.79,398.91,393.07,385.67,377.11,367.67,357.61,347.1,336.3,325.29,314.17,0.035,0.05,0.1
329.4,354.31,376.41,394.66,408.46,417.61,422.29,422.96,420.23,414.74,407.13,397.93,387.58,376.43,364.74,352.69,340.41,328,315.52,0.035,0.05,0.11
335.82,366.59,393.5,415.19,430.95,440.67,444.79,444.09,439.47,431.85,422.04,410.69,398.32,385.29,371.87,358.22,344.47,330.66,316.83,0.035,0.05,0.12
343.99,382.09,414.78,440.28,457.8,467.52,470.31,467.43,460.21,449.86,437.39,423.58,408.97,393.95,378.76,363.52,348.31,333.16,318.07,0.035,0.05,0.13
354.48,401.77,441.29,470.65,489.2,497.86,498.29,492.35,481.79,468.14,452.63,436.1,419.14,402.09,385.14,368.37,351.81,335.43,319.18,0.035,0.05,0.14
368.11,427,474.12,506.23,523.82,529.92,527.26,517.77,503.42,486.09,467.24,447.85,428.49,409.44,390.82,372.64,354.86,337.39,320.14,0.035,0.05,0.15
310.46,317.66,324.36,330.35,335.46,339.54,342.51,344.34,345.04,344.65,343.25,340.94,337.84,334.05,329.69,324.87,319.7,314.28,308.68,0.035,0.06,0.05
312.98,322.62,331.56,339.52,346.25,351.58,355.41,357.69,358.45,357.78,355.79,352.63,348.45,343.41,337.67,331.37,324.63,317.59,310.34,0.035,0.06,0.06
315.77,328.07,339.45,349.52,357.98,364.6,369.25,371.9,372.63,371.54,368.82,364.67,359.3,352.92,345.72,337.88,329.56,320.89,312,0.035,0.06,0.07
318.97,334.32,348.47,360.92,371.27,379.24,384.7,387.64,388.17,386.49,382.84,377.5,370.76,362.88,354.09,344.62,334.62,324.27,313.69,0.035,0.06,0.08
322.74,341.67,359.05,374.23,386.69,396.1,402.34,405.42,405.54,403,398.14,391.36,383.01,373.43,362.89,351.65,339.88,327.77,315.44,0.035,0.06,0.09
327.24,350.45,371.64,389.98,404.82,415.77,422.68,425.69,425.09,421.34,414.93,406.37,396.12,384.6,372.12,358.96,345.33,331.38,317.23,0.035,0.06,0.1
332.69,361.03,386.77,408.81,426.32,438.85,446.28,448.86,447.1,441.66,433.24,422.5,410.03,396.3,381.7,366.49,350.89,335.04,319.06,0.035,0.06,0.11
339.31,373.88,405.06,431.43,451.92,465.97,473.58,475.22,471.7,463.96,452.98,439.6,424.54,408.36,391.44,374.08,356.46,338.7,320.86,0.035,0.06,0.12
347.37,389.51,427.23,458.63,482.3,497.65,504.86,504.82,498.74,487.98,473.81,457.31,439.33,420.46,401.11,381.53,361.88,342.23,322.61,0.035,0.06,0.13
357.21,408.54,454.09,491.17,517.94,533.89,539.8,537.15,527.68,513.16,495.21,475.16,453.96,432.24,410.39,388.61,367,345.55,324.24,0.035,0.06,0.14
369.2,431.73,486.58,529.65,558.37,573.22,576.71,571,557.75,538.97,516.75,492.75,468.11,443.45,419.1,395.18,371.7,348.58,325.72,0.035,0.06,0.15
311.01,318.78,326.05,332.62,338.29,342.91,346.37,348.61,349.62,349.42,348.08,345.69,342.36,338.2,333.35,327.94,322.08,315.9,309.5,0.035,0.07,0.05
313.76,324.17,333.92,342.69,350.23,356.34,360.87,363.75,364.97,364.57,362.65,359.36,354.84,349.28,342.83,335.68,327.97,319.86,311.5,0.035,0.07,0.06
316.74,330.04,342.46,353.6,363.14,370.8,376.41,379.89,381.23,380.51,377.89,373.56,367.73,360.63,352.5,343.53,333.92,323.86,313.5,0.035,0.07,0.07
320.12,336.67,352.09,365.89,377.63,386.98,393.71,397.74,399.09,397.9,394.38,388.79,381.45,372.64,362.65,351.73,340.11,328,315.58,0.035,0.07,0.08
324.01,344.31,363.19,380.02,394.25,405.45,413.36,417.89,419.09,417.19,412.49,405.38,396.25,385.48,373.42,360.38,346.61,332.33,317.74,0.035,0.07,0.09
328.56,353.23,376.14,396.48,413.55,426.82,435.95,440.86,441.69,438.76,432.53,423.53,412.27,399.24,384.86,369.49,353.41,336.85,320,0.035,0.07,0.1
333.9,363.71,391.35,415.79,436.14,451.7,462.07,467.18,467.29,462.89,454.66,443.3,429.51,413.88,396.91,379.01,360.47,341.51,322.31,0.035,0.07,0.11
340.18,376.04,409.25,438.51,462.65,480.74,492.3,497.3,496.2,489.75,478.9,464.64,447.83,429.23,409.41,388.78,367.66,346.24,324.66,0.035,0.07,0.12
347.52,390.49,430.28,465.21,493.69,514.51,527.06,531.47,528.48,519.24,505.07,487.27,466.96,445.02,422.09,398.6,374.83,350.92,326.97,0.035,0.07,0.13
356.05,407.34,454.87,496.44,529.79,553.26,566.28,569.38,563.75,550.96,532.75,510.79,486.49,460.89,434.66,408.22,381.78,355.44,329.19,0.035,0.07,0.14
365.86,426.83,483.5,532.77,571.14,596.29,608.46,609.54,601.06,584.39,561.57,534.86,506.11,476.54,446.87,417.45,388.4,359.7,331.28,0.035,0.07,0.15
311.27,319.31,326.89,333.8,339.84,344.86,348.72,351.35,352.69,352.75,351.57,349.22,345.8,341.44,336.26,330.41,324.02,317.23,310.18,0.035,0.08,0.05
314.1,324.88,335.04,344.29,352.37,359.05,364.17,367.62,369.33,369.31,367.63,364.4,359.76,353.89,346.97,339.18,330.72,321.75,312.46,0.035,0.08,0.06
317.14,330.87,343.8,355.56,365.81,374.27,380.7,384.97,387,386.83,384.54,380.3,374.31,366.8,358.02,348.2,337.58,326.37,314.78,0.035,0.08,0.07
320.51,337.52,353.54,368.1,380.76,391.16,399.01,404.13,406.44,406,402.94,397.5,389.94,380.59,369.76,357.74,344.8,331.22,317.21,0.035,0.08,0.08
324.34,345.06,364.58,382.31,397.7,410.29,419.7,425.71,428.24,427.36,423.3,416.38,406.99,395.52,382.37,367.92,352.48,336.35,319.78,0.035,0.08,0.09
328.7,353.67,377.2,398.57,417.1,432.19,443.34,450.28,452.91,451.38,446.01,437.26,425.65,411.72,395.95,378.8,360.65,341.79,322.5,0.035,0.08,0.1
333.68,363.52,391.68,417.27,439.45,457.41,470.52,478.4,480.98,478.48,471.38,460.33,446.05,429.23,410.49,390.36,369.25,347.49,325.34,0.035,0.08,0.11
339.35,374.76,408.25,438.76,465.19,486.49,501.8,510.62,512.88,508.96,499.58,485.65,468.15,447.97,425.87,402.47,378.2,353.39,328.26,0.035,0.08,0.12
345.75,387.49,427.11,463.35,494.76,519.92,537.65,547.31,548.88,542.97,530.62,513.12,491.76,467.71,441.87,414.92,387.32,359.36,331.22,0.035,0.08,0.13
352.86,401.72,448.37,491.26,528.48,557.99,578.19,588.35,588.74,580.24,564.25,542.45,516.58,488.12,458.17,427.45,396.41,365.27,334.12,0.035,0.08,0.14
360.65,417.43,472.09,522.75,566.65,600.66,622.54,632.27,631.11,620.02,600.1,573.4,542.34,508.93,474.51,439.84,405.29,371,336.93,0.035,0.08,0.15
311.29,319.36,327.02,334.06,340.3,345.58,349.74,352.7,354.37,354.73,353.78,351.58,348.21,343.78,338.42,332.28,325.51,318.27,310.71,0.035,0.09,0.05
314.08,324.89,335.14,344.57,352.93,359.99,365.56,369.5,371.7,372.13,370.81,367.8,363.24,357.27,350.09,341.89,332.87,323.25,313.23,0.035,0.09,0.06
317.06,330.76,343.77,355.75,366.37,375.35,382.42,387.38,390.13,390.6,388.82,384.91,379.04,371.41,362.27,351.88,340.51,328.4,315.82,0.035,0.09,0.07
320.31,337.2,353.25,368.04,381.17,392.26,400.98,407.08,410.4,410.86,408.53,403.56,396.17,386.67,375.36,362.58,348.65,333.89,318.58,0.035,0.09,0.08
323.92,344.35,363.8,381.75,397.71,411.21,421.81,429.18,433.11,433.51,430.47,424.21,415.05,403.38,389.61,374.17,357.44,339.79,321.54,0.035,0.09,0.09
327.96,352.35,375.62,397.17,416.38,432.65,445.42,454.24,458.82,459.07,455.11,447.27,435.98,421.77,405.19,386.75,366.93,346.13,324.72,0.035,0.09,0.1
332.45,361.29,388.88,414.53,437.5,457,472.31,482.8,488.08,488.05,482.9,473.07,459.2,441.99,422.17,400.36,377.13,352.91,328.1,0.035,0.09,0.11
337.41,371.19,403.66,434.01,461.33,484.64,502.94,515.38,521.41,520.91,514.17,501.85,484.83,464.08,440.51,414.93,387.96,360.08,331.66,0.035,0.09,0.12
342.83,382.05,419.96,455.67,488.07,515.86,537.68,552.36,559.16,557.94,549.14,533.69,512.85,487.91,460.07,430.28,399.27,367.51,335.34,0.035,0.09,0.13
348.65,393.77,437.7,479.49,517.77,550.8,576.67,593.76,601.2,598.97,587.66,568.48,543.09,513.26,480.57,446.17,410.84,375.05,339.06,0.035,0.09,0.14
354.76,406.18,456.73,505.41,550.52,589.57,619.66,638.59,646.06,642.79,629.16,606,575.4,539.93,501.77,462.34,422.47,382.56,342.74,0.035,0.09,0.15
311.09,318.99,326.53,333.52,339.79,345.18,349.55,352.76,354.72,355.39,354.72,352.76,349.55,345.18,339.79,333.52,326.53,318.99,311.09,0.035,0.1,0.05
313.78,324.32,334.38,343.72,352.12,359.35,365.21,369.53,372.18,373.07,372.18,369.53,365.21,359.35,352.12,343.72,334.38,324.32,313.78,0.035,0.1,0.06
316.6,329.9,342.62,354.45,365.11,374.32,381.79,387.32,390.71,391.85,390.71,387.32,381.79,374.32,365.11,354.45,342.62,329.9,316.6,0.035,0.1,0.07
319.63,335.93,351.53,366.09,379.25,390.65,399.94,406.82,411.06,412.49,411.06,406.82,399.94,390.65,379.25,366.09,351.53,335.93,319.63,0.035,0.1,0.08
322.95,342.51,361.3,378.89,394.86,408.74,420.12,428.58,433.8,435.57,433.8,428.58,420.12,408.74,394.86,378.89,361.3,342.51,322.95,0.035,0.1,0.09
326.57,349.73,372.04,393.03,412.18,428.95,442.76,453.09,459.49,461.65,459.49,453.09,442.76,428.95,412.18,393.03,372.04,349.73,326.57,0.035,0.1,0.1
330.52,357.61,383.82,408.62,431.42,451.54,468.24,480.81,488.63,491.29,488.63,480.81,468.24,451.54,431.42,408.62,383.82,357.61,330.52,0.035,0.1,0.11
334.77,366.12,396.62,425.7,452.67,476.7,496.85,512.14,521.71,524.98,521.72,512.14,496.85,476.7,452.67,425.7,396.62,366.12,334.77,0.035,0.1,0.12
339.27,375.19,410.35,444.17,475.9,504.51,528.77,547.35,559.06,563.07,559.06,547.35,528.77,504.51,475.9,444.17,410.35,375.19,339.27,0.035,0.1,0.13
343.95,384.66,424.81,463.86,500.97,534.9,564.01,586.45,600.6,605.42,600.6,586.45,564.01,534.9,500.97,463.86,424.81,384.66,343.95,0.035,0.1,0.14
348.71,394.37,439.79,484.55,527.75,567.84,602.52,629.02,645.23,650.58,645.23,629.02,602.52,567.85,527.75,484.55,439.79,394.37,348.71,0.035,0.1,0.15
310.71,318.27,325.51,332.28,338.42,343.78,348.21,351.58,353.78,354.73,354.37,352.7,349.74,345.58,340.3,334.06,327.02,319.36,311.29,0.035,0.11,0.05
313.22,323.25,332.87,341.89,350.09,357.27,363.24,367.8,370.81,372.13,371.7,369.5,365.56,359.99,352.93,344.57,335.14,324.89,314.08,0.035,0.11,0.06
315.82,328.4,340.51,351.88,362.27,371.41,379.04,384.91,388.82,390.6,390.13,387.38,382.42,375.35,366.37,355.75,343.77,330.76,317.06,0.035,0.11,0.07
318.58,333.89,348.65,362.58,375.36,386.67,396.17,403.56,408.53,410.86,410.4,407.08,400.98,392.26,381.17,368.04,353.25,337.2,320.31,0.035,0.11,0.08
321.54,339.79,357.44,374.17,389.61,403.38,415.05,424.21,430.47,433.51,433.11,429.18,421.81,411.21,397.71,381.75,363.8,344.35,323.92,0.035,0.11,0.09
324.71,346.13,366.93,386.75,405.19,421.77,435.98,447.27,455.11,459.07,458.82,454.24,445.42,432.65,416.38,397.17,375.62,352.35,327.96,0.035,0.11,0.1
328.1,352.92,377.13,400.36,422.17,441.99,459.2,473.07,482.9,488.05,488.08,482.8,472.31,457,437.5,414.53,388.88,361.29,332.45,0.035,0.11,0.11
331.66,360.08,387.96,414.93,440.51,464.08,484.83,501.85,514.17,520.91,521.41,515.38,502.94,484.64,461.33,434.01,403.66,371.19,337.41,0.035,0.11,0.12
335.34,367.51,399.26,430.28,460.07,487.91,512.85,533.69,549.14,557.94,559.16,552.36,537.68,515.86,488.07,455.67,419.96,382.05,342.83,0.035,0.11,0.13
339.06,375.05,410.84,446.17,480.57,513.26,543.08,568.48,587.66,598.97,601.2,593.76,576.67,550.8,517.77,479.49,437.7,393.77,348.65,0.035,0.11,0.14
342.74,382.56,422.47,462.34,501.77,539.93,575.4,606,629.16,642.79,646.06,638.59,619.65,589.58,550.52,505.4,456.73,406.18,354.76,0.035,0.11,0.15
310.18,317.23,324.02,330.41,336.26,341.44,345.8,349.22,351.57,352.75,352.69,351.35,348.72,344.86,339.84,333.8,326.89,319.31,311.27,0.035,0.12,0.05
312.46,321.75,330.72,339.18,346.97,353.89,359.76,364.4,367.63,369.31,369.33,367.62,364.17,359.05,352.37,344.29,335.04,324.88,314.1,0.035,0.12,0.06
314.78,326.37,337.58,348.2,358.02,366.8,374.31,380.3,384.54,386.83,387,384.97,380.7,374.27,365.81,355.56,343.8,330.87,317.14,0.035,0.12,0.07
317.21,331.22,344.8,357.74,369.76,380.59,389.94,397.5,402.94,406,406.44,404.13,399.01,391.16,380.76,368.1,353.54,337.52,320.51,0.035,0.12,0.08
319.78,336.35,352.48,367.92,382.37,395.52,406.99,416.38,423.3,427.36,428.24,425.71,419.7,410.29,397.7,382.31,364.58,345.06,324.34,0.035,0.12,0.09
322.5,341.79,360.65,378.8,395.95,411.72,425.65,437.26,446.01,451.38,452.91,450.28,443.34,432.19,417.1,398.57,377.2,353.67,328.7,0.035,0.12,0.1
325.34,347.49,369.25,390.36,410.49,429.23,446.05,460.33,471.38,478.48,480.98,478.4,470.52,457.41,439.45,417.27,391.68,363.52,333.68,0.035,0.12,0.11
328.26,353.39,378.2,402.47,425.87,447.97,468.15,485.65,499.58,508.96,512.88,510.62,501.8,486.49,465.19,438.76,408.25,374.76,339.35,0.035,0.12,0.12
331.22,359.36,387.32,414.92,441.87,467.71,491.76,513.12,530.62,542.97,548.88,547.31,537.65,519.92,494.76,463.35,427.11,387.49,345.75,0.035,0.12,0.13
334.12,365.27,396.41,427.45,458.17,488.12,516.58,542.45,564.25,580.24,588.74,588.35,578.19,557.99,528.48,491.26,448.37,401.72,352.87,0.035,0.12,0.14
336.93,371,405.29,439.84,474.51,508.93,542.34,573.4,600.1,620.03,631.11,632.27,622.54,600.66,566.65,522.75,472.1,417.43,360.66,0.035,0.12,0.15
309.5,315.9,322.08,327.94,333.35,338.2,342.36,345.69,348.08,349.42,349.62,348.61,346.37,342.91,338.29,332.62,326.05,318.78,311.02,0.035,0.13,0.05
311.5,319.86,327.97,335.68,342.83,349.28,354.84,359.36,362.65,364.57,364.97,363.75,360.87,356.34,350.23,342.69,333.92,324.17,313.76,0.035,0.13,0.06
313.5,323.86,333.92,343.53,352.5,360.63,367.73,373.56,377.89,380.51,381.23,379.89,376.41,370.8,363.14,353.6,342.46,330.04,316.75,0.035,0.13,0.07
315.58,328,340.11,351.73,362.65,372.64,381.45,388.79,394.38,397.9,399.09,397.74,393.71,386.98,377.63,365.89,352.09,336.67,320.12,0.035,0.13,0.08
317.74,332.34,346.61,360.38,373.42,385.48,396.25,405.39,412.49,417.19,419.09,417.89,413.36,405.45,394.25,380.02,363.19,344.31,324.02,0.035,0.13,0.09
320,336.85,353.41,369.49,384.86,399.24,412.27,423.53,432.53,438.76,441.69,440.86,435.95,426.82,413.55,396.48,376.14,353.23,328.56,0.035,0.13,0.1
322.31,341.51,360.47,379.01,396.91,413.88,429.51,443.3,454.66,462.89,467.29,467.18,462.07,451.7,436.14,415.79,391.35,363.71,333.91,0.035,0.13,0.11
324.66,346.24,367.66,388.78,409.41,429.23,447.83,464.64,478.9,489.75,496.2,497.3,492.3,480.74,462.65,438.51,409.25,376.04,340.18,0.035,0.13,0.12
326.97,350.92,374.83,398.6,422.09,445.02,466.96,487.27,505.07,519.24,528.48,531.47,527.06,514.51,493.7,465.21,430.28,390.49,347.53,0.035,0.13,0.13
329.19,355.44,381.78,408.22,434.66,460.89,486.49,510.79,532.75,550.96,563.75,569.38,566.28,553.26,529.79,496.44,454.87,407.34,356.06,0.035,0.13,0.14
331.28,359.7,388.4,417.45,446.87,476.54,506.11,534.86,561.57,584.39,601.06,609.54,608.46,596.29,571.14,532.77,483.51,426.82,365.86,0.035,0.13,0.15
308.68,314.28,319.7,324.87,329.69,334.05,337.84,340.94,343.25,344.65,345.04,344.34,342.51,339.54,335.46,330.35,324.36,317.66,310.46,0.035,0.14,0.05
310.34,317.59,324.63,331.37,337.67,343.41,348.45,352.63,355.79,357.78,358.45,357.69,355.41,351.58,346.25,339.52,331.56,322.62,312.99,0.035,0.14,0.06
312,320.89,329.56,337.88,345.72,352.92,359.3,364.67,368.82,371.54,372.63,371.9,369.25,364.6,357.98,349.52,339.45,328.07,315.77,0.035,0.14,0.07
313.69,324.27,334.62,344.62,354.09,362.88,370.76,377.5,382.84,386.49,388.17,387.64,384.7,379.24,371.27,360.92,348.47,334.32,318.97,0.035,0.14,0.08
315.44,327.77,339.88,351.65,362.89,373.43,383.01,391.36,398.14,403,405.54,405.42,402.34,396.1,386.69,374.23,359.05,341.67,322.74,0.035,0.14,0.09
317.23,331.38,345.33,358.96,372.12,384.6,396.12,406.37,414.93,421.34,425.09,425.69,422.68,415.77,404.82,389.98,371.64,350.45,327.24,0.035,0.14,0.1
319.05,335.04,350.89,366.49,381.7,396.3,410.03,422.5,433.24,441.66,447.1,448.86,446.28,438.85,426.32,408.81,386.77,361.03,332.69,0.035,0.14,0.11
320.86,338.7,356.46,374.08,391.44,408.36,424.54,439.6,452.98,463.96,471.7,475.22,473.58,465.97,451.92,431.43,405.06,373.88,339.31,0.035,0.14,0.12
322.61,342.23,361.88,381.53,401.11,420.46,439.33,457.31,473.81,487.98,498.74,504.82,504.86,497.65,482.3,458.63,427.23,389.51,347.38,0.035,0.14,0.13
324.24,345.55,367,388.61,410.39,432.24,453.96,475.16,495.21,513.16,527.68,537.15,539.8,533.89,517.94,491.17,454.09,408.54,357.22,0.035,0.14,0.14
325.72,348.58,371.7,395.18,419.1,443.45,468.11,492.75,516.75,538.97,557.75,571,576.71,573.22,558.37,529.65,486.59,431.73,369.2,0.035,0.14,0.15
307.68,312.3,316.79,321.09,325.12,328.8,332.04,334.74,336.8,338.12,338.61,338.19,336.79,334.39,331.01,326.69,321.56,315.77,309.5,0.035,0.15,0.05
308.96,314.86,320.6,326.12,331.33,336.11,340.36,343.95,346.75,348.61,349.4,349.01,347.33,344.31,339.96,334.35,327.61,319.95,311.64,0.035,0.15,0.06
310.23,317.38,324.38,331.13,337.54,343.47,348.81,353.38,357.03,359.56,360.78,360.53,358.66,355.08,349.76,342.79,334.31,324.61,314.03,0.035,0.15,0.07
311.52,319.96,328.24,336.28,343.95,351.14,357.68,363.39,368.05,371.42,373.26,373.31,371.37,367.28,360.98,352.52,342.09,330.04,316.82,0.035,0.15,0.08
312.83,322.6,332.22,341.61,350.65,359.21,367.11,374.14,380.03,384.48,387.18,387.76,385.93,381.43,374.12,364.03,351.36,336.55,320.18,0.035,0.15,0.09
314.17,325.29,336.3,347.1,357.61,367.67,377.11,385.67,393.07,398.91,402.79,404.23,402.77,398.03,389.74,377.86,362.6,344.49,324.29,0.035,0.15,0.1
315.52,328,340.41,352.69,364.74,376.43,387.58,397.93,407.13,414.74,420.23,422.96,422.29,417.61,408.46,394.66,376.4,354.31,329.4,0.035,0.15,0.11
316.83,330.66,344.47,358.22,371.87,385.29,398.31,410.69,422.04,431.85,439.47,444.09,444.79,440.67,430.95,415.19,393.5,366.59,335.83,0.035,0.15,0.12
318.07,333.16,348.31,363.52,378.76,393.95,408.97,423.58,437.39,449.86,460.21,467.43,470.31,467.52,457.8,440.28,414.78,382.09,343.99,0.035,0.15,0.13
319.18,335.43,351.81,368.37,385.14,402.09,419.14,436.1,452.63,468.14,481.79,492.35,498.29,497.86,489.21,470.65,441.29,401.78,354.46,0.035,0.15,0.14
320.14,337.39,354.86,372.64,390.82,409.44,428.49,447.85,467.24,486.09,503.42,517.77,527.26,529.92,523.82,506.22,474.12,427,368.12,0.035,0.15,0.15
310.73,318.18,325.07,331.16,336.28,340.29,343.12,344.77,345.27,344.68,343.1,340.65,337.44,333.6,329.23,324.45,319.36,314.03,308.55,0.04,0.05,0.05
313.46,323.51,332.77,340.92,347.69,352.93,356.55,358.57,359.03,358.06,355.8,352.42,348.09,342.96,337.18,330.9,324.24,317.31,310.2,0.04,0.05,0.06
316.42,329.28,341.06,351.34,359.79,366.21,370.53,372.77,373.05,371.55,368.48,364.05,358.5,352.04,344.84,337.08,328.9,320.43,311.76,0.04,0.05,0.07
319.84,335.92,350.57,363.21,373.46,381.07,385.98,388.3,388.19,385.94,381.84,376.18,369.26,361.34,352.62,343.32,333.58,323.55,313.32,0.04,0.05,0.08
323.92,343.83,361.82,377.16,389.34,398.13,403.51,405.67,404.91,401.62,396.2,389.07,380.56,371.01,360.65,349.71,338.35,326.71,314.9,0.04,0.05,0.09
328.91,353.45,375.4,393.81,408.07,417.97,423.58,425.25,423.45,418.74,411.67,402.75,392.42,381.04,368.9,356.23,343.19,329.91,316.49,0.04,0.05,0.1
335.1,365.31,391.97,413.87,430.3,441.1,446.56,447.25,443.9,437.29,428.14,417.1,404.68,391.29,377.25,362.77,348.01,333.08,318.06,0.04,0.05,0.11
342.87,380.07,412.34,438.1,456.59,467.87,472.55,471.59,466.05,456.98,445.31,431.8,417.06,401.51,385.47,369.15,352.68,336.14,319.58,0.04,0.05,0.12
352.75,398.63,437.44,467.16,487.21,498.13,501.16,497.74,489.33,477.24,462.63,446.37,429.11,411.32,393.27,375.14,357.04,338.98,320.97,0.04,0.05,0.13
365.54,422.2,468.24,501.2,521.34,530.58,531.06,524.58,512.81,497.32,479.46,460.25,440.41,420.36,400.37,380.54,360.92,341.49,322.21,0.04,0.05,0.14
382.63,452.67,505.5,538.46,555.33,561.72,560.08,551.06,536,516.89,495.56,473.27,450.79,428.53,406.67,385.27,364.3,343.66,323.27,0.04,0.05,0.15
312.04,320.77,328.9,336.15,342.32,347.25,350.83,353.03,353.86,353.38,351.67,348.87,345.11,340.53,335.26,329.44,323.19,316.63,309.86,0.04,0.06,0.05
315.41,327.38,338.49,348.36,356.7,363.3,368.02,370.82,371.75,370.9,368.42,364.49,359.3,353.06,345.94,338.13,329.79,321.07,312.09,0.04,0.06,0.06
319.02,334.43,348.69,361.29,371.85,380.09,385.86,389.14,390.01,388.62,385.21,380.01,373.29,365.32,356.33,346.54,336.15,325.33,314.23,0.04,0.06,0.07
323.11,342.42,360.2,375.82,388.76,398.7,405.48,409.1,409.71,407.55,402.95,396.26,387.81,377.93,366.94,355.08,342.57,329.62,316.38,0.04,0.06,0.08
327.89,351.75,373.6,392.63,408.2,419.92,427.63,431.39,431.46,428.22,422.11,413.59,403.14,391.14,377.95,363.88,349.16,334,318.57,0.04,0.06,0.09
333.6,362.84,389.47,412.42,430.9,444.44,452.93,456.54,455.69,450.92,442.87,432.16,419.36,404.96,389.38,372.94,355.9,338.47,320.79,0.04,0.06,0.1
340.48,376.18,408.45,435.91,457.57,472.92,481.92,484.93,482.61,475.77,465.26,451.89,436.37,419.29,401.11,382.16,362.72,342.97,323.02,0.04,0.06,0.11
348.84,392.33,431.29,463.9,488.94,505.89,514.9,516.66,512.17,502.58,489.01,472.5,453.89,433.86,412.9,391.36,369.47,347.39,325.22,0.04,0.06,0.12
359.07,412,458.83,497.16,525.48,543.44,551.66,551.33,543.89,530.85,513.64,493.52,471.49,448.3,424.45,400.27,375.96,351.63,327.31,0.04,0.06,0.13
371.67,436.07,492.07,536.28,566.95,584.54,590.82,587.7,576.82,559.86,538.56,514.46,488.75,462.25,435.46,408.69,382.05,355.58,329.25,0.04,0.06,0.14
387.41,465.95,532.42,581.37,611.1,625.31,629.03,623.97,610.32,589.46,563.72,535.26,505.59,475.64,445.9,416.57,387.69,359.22,331.03,0.04,0.06,0.15
312.76,322.22,331.08,339.07,345.96,351.57,355.76,358.48,359.69,359.44,357.8,354.88,350.82,345.77,339.87,333.3,326.18,318.67,310.9,0.04,0.07,0.05
316.49,329.54,341.74,352.72,362.15,369.77,375.42,378.99,380.49,379.97,377.57,373.44,367.79,360.82,352.77,343.83,334.2,324.07,313.62,0.04,0.07,0.06
320.42,337.27,352.99,367.08,379.12,388.78,395.84,400.19,401.84,400.91,397.57,392.08,384.72,375.75,365.48,354.16,342.03,329.33,316.26,0.04,0.07,0.07
324.81,345.89,365.5,383.03,397.9,409.72,418.21,423.25,424.91,423.35,418.85,411.75,402.43,391.26,378.6,364.76,350.04,334.69,318.94,0.04,0.07,0.08
329.85,355.75,379.81,401.21,419.25,433.4,443.35,448.99,450.44,447.96,441.96,432.91,421.32,407.65,392.35,375.81,358.34,340.23,321.71,0.04,0.07,0.09
335.7,367.22,396.42,422.26,443.85,460.55,471.97,478.04,478.97,475.17,467.24,455.81,441.54,425.03,406.82,387.33,366.95,345.94,324.56,0.04,0.07,0.1
342.55,380.64,415.83,446.79,472.41,491.86,504.7,510.92,510.89,505.25,494.82,480.48,463.07,443.33,421.9,399.26,375.79,351.79,327.47,0.04,0.07,0.11
350.61,396.4,438.59,475.47,505.59,527.91,541.98,547.91,546.33,538.18,524.6,506.75,485.69,462.33,437.38,411.39,384.73,357.67,330.38,0.04,0.07,0.12
360.05,414.89,465.26,508.91,543.92,569.01,583.81,588.79,584.95,573.6,556.2,534.23,509.03,481.67,452.96,423.47,393.56,363.44,333.24,0.04,0.07,0.13
371.13,436.6,496.5,547.76,587.63,614.64,629.05,632.27,625.72,610.78,589.09,562.5,532.7,501.02,468.36,435.29,402.12,369.01,335.98,0.04,0.07,0.14
384.13,462.17,533.32,592.91,636.39,662.33,673.9,675.22,667.14,649.4,623.37,591.68,556.76,520.36,483.51,446.77,410.37,374.33,338.58,0.04,0.07,0.15
313.09,322.89,332.12,340.53,347.89,353.99,358.69,361.87,363.5,363.56,362.11,359.25,355.08,349.77,343.47,336.34,328.57,320.31,311.74,0.04,0.08,0.05
316.95,330.5,343.26,354.87,365.01,373.38,379.79,384.09,386.22,386.18,384.06,380,374.18,366.82,358.14,348.37,337.76,326.52,314.86,0.04,0.08,0.06
320.99,338.45,354.9,369.84,382.84,393.56,401.7,407.08,409.63,409.38,406.46,401.07,393.47,383.94,372.8,360.35,346.87,332.65,317.95,0.04,0.08,0.07
325.42,347.19,367.66,386.25,402.39,415.63,425.6,432.07,434.97,434.37,430.44,423.49,413.85,401.93,388.12,372.8,356.31,338.99,321.13,0.04,0.08,0.08
330.39,356.99,382.01,404.69,424.34,440.37,452.31,459.9,463.06,461.89,456.67,447.82,435.82,421.18,404.4,385.94,366.23,345.62,324.45,0.04,0.08,0.09
336.04,368.13,398.31,425.65,449.29,468.45,482.56,491.27,494.52,492.5,485.61,474.44,459.64,441.87,421.76,399.87,376.68,352.59,327.93,0.04,0.08,0.1
342.48,380.83,416.92,449.61,477.79,500.49,516.95,526.76,529.88,526.61,517.56,503.53,485.4,464.03,440.19,414.54,387.61,359.84,331.54,0.04,0.08,0.11
349.79,395.28,438.15,476.98,510.36,537.02,555.99,566.77,569.4,564.38,552.57,535.06,513.01,487.51,459.51,429.78,398.89,367.28,335.24,0.04,0.08,0.12
358.04,411.65,462.26,508.13,547.4,578.37,599.81,611.24,612.92,605.6,590.42,568.79,542.19,512.03,479.47,445.37,410.34,374.78,338.95,0.04,0.08,0.13
367.3,430.08,489.54,543.45,589.24,624.46,647.7,658.99,659.24,649.41,630.59,604.37,572.66,537.32,499.79,461.06,421.75,382.21,342.61,0.04,0.08,0.14
377.62,450.76,520.43,583.66,636.43,674.72,697.14,706.32,705.46,694.58,672.98,642.03,604.61,563.43,520.43,476.78,433.06,389.52,346.19,0.04,0.08,0.15
313.1,322.94,332.27,340.84,348.44,354.86,359.93,363.52,365.55,365.98,364.82,362.14,358.04,352.64,346.12,338.65,330.41,321.59,312.39,0.04,0.09,0.05
316.94,330.53,343.42,355.26,365.76,374.63,381.62,386.55,389.3,389.83,388.16,384.39,378.65,371.16,362.15,351.85,340.52,328.44,315.84,0.04,0.09,0.06
320.91,338.37,354.93,370.17,383.68,395.07,404.04,410.34,413.81,414.39,412.13,407.15,399.68,389.99,378.37,365.17,350.71,335.31,319.31,0.04,0.09,0.07
325.19,346.83,367.39,386.32,403.1,417.26,428.38,436.15,440.35,440.92,437.93,431.57,422.14,409.99,395.54,379.21,361.4,342.52,322.93,0.04,0.09,0.08
329.91,356.17,381.14,404.17,424.62,441.87,455.4,464.78,469.75,470.23,466.33,458.32,446.6,431.66,414.04,394.26,372.82,350.19,326.78,0.04,0.09,0.09
335.14,366.54,396.46,424.11,448.71,469.48,485.74,496.92,502.7,502.97,497.9,487.88,473.46,455.3,434.09,410.48,385.06,358.38,330.88,0.04,0.09,0.1
340.94,378.07,413.53,446.41,475.75,500.56,519.93,533.15,539.75,539.65,533.08,520.59,502.96,481.06,455.76,427.88,398.12,367.07,335.23,0.04,0.09,0.11
347.34,390.82,432.49,471.29,506.04,535.48,558.4,573.86,581.28,580.57,572.09,556.62,535.17,508.92,478.99,446.38,411.9,376.2,339.77,0.04,0.09,0.12
354.33,404.78,453.36,498.85,539.76,574.45,601.3,619.09,627.19,625.61,614.84,595.85,569.98,538.74,503.6,465.79,426.24,385.64,344.45,0.04,0.09,0.13
361.87,419.93,476.17,529.19,577.08,617.55,648.34,668.01,676.31,673.7,660.65,637.98,607.21,570.36,529.4,485.91,440.96,395.26,349.2,0.04,0.09,0.14
369.92,436.22,500.99,562.62,618.53,665.13,698.76,718.01,725,722.08,708.5,683.06,647.18,603.97,556.42,506.66,455.96,404.97,353.97,0.04,0.09,0.15
312.85,322.48,331.66,340.17,347.81,354.37,359.68,363.58,365.98,366.78,365.98,363.58,359.68,354.37,347.81,340.17,331.66,322.48,312.85,0.04,0.1,0.05
316.55,329.8,342.45,354.19,364.74,373.81,381.17,386.59,389.92,391.04,389.92,386.59,381.17,373.81,364.74,354.19,342.45,329.8,316.55,0.04,0.1,0.06
320.32,337.26,353.45,368.51,382.07,393.77,403.28,410.29,414.6,416.05,414.6,410.29,403.28,393.77,382.07,368.51,353.45,337.26,320.32,0.04,0.1,0.07
324.32,345.19,365.18,383.82,400.65,415.22,427.09,435.88,441.28,443.1,441.28,435.88,427.09,415.22,400.65,383.82,365.18,345.19,324.32,0.04,0.1,0.08
328.64,353.78,377.91,400.49,420.95,438.74,453.29,464.1,470.77,473.02,470.77,464.1,453.29,438.74,420.95,400.49,377.91,353.78,328.64,0.04,0.1,0.09
333.34,363.13,391.81,418.76,443.32,464.77,482.41,495.58,503.72,506.48,503.72,495.58,482.41,464.77,443.31,418.76,391.81,363.13,333.34,0.04,0.1,0.1
338.42,373.28,406.96,438.78,467.95,493.61,514.85,530.79,540.69,544.04,540.69,530.79,514.85,493.61,467.95,438.78,406.96,373.28,338.43,0.04,0.1,0.11
343.88,384.2,423.35,460.56,494.95,525.45,550.87,570.05,582,586.06,582,570.05,550.87,525.45,494.96,460.56,423.35,384.2,343.88,0.04,0.1,0.12
349.66,395.81,440.87,484.05,524.3,560.3,590.5,613.36,627.6,632.43,627.6,613.36,590.5,560.3,524.3,484.05,440.87,395.81,349.66,0.04,0.1,0.13
355.69,407.99,459.4,509.12,555.94,598.15,633.63,660.25,676.55,681.99,676.55,660.25,633.63,598.15,555.94,509.12,459.4,407.99,355.69,0.04,0.1,0.14
361.91,420.65,478.87,535.82,590.11,639.41,680.44,709.83,726.17,731.11,726.17,709.83,680.44,639.41,590.11,535.82,478.87,420.65,361.91,0.04,0.1,0.15
312.39,321.59,330.41,338.65,346.12,352.64,358.04,362.14,364.82,365.98,365.55,363.52,359.93,354.86,348.44,340.84,332.27,322.94,313.1,0.04,0.11,0.05
315.84,328.44,340.52,351.85,362.15,371.16,378.65,384.39,388.16,389.83,389.3,386.55,381.62,374.63,365.76,355.26,343.42,330.53,316.94,0.04,0.11,0.06
319.31,335.31,350.71,365.17,378.37,389.99,399.68,407.15,412.13,414.39,413.81,410.34,404.04,395.07,383.68,370.17,354.93,338.37,320.91,0.04,0.11,0.07
322.93,342.52,361.4,379.21,395.54,409.99,422.14,431.57,437.93,440.92,440.35,436.15,428.38,417.26,403.1,386.32,367.39,346.83,325.19,0.04,0.11,0.08
326.78,350.19,372.82,394.26,414.04,431.66,446.6,458.32,466.33,470.23,469.75,464.78,455.4,441.87,424.62,404.17,381.14,356.17,329.91,0.04,0.11,0.09
330.88,358.38,385.06,410.48,434.09,455.3,473.46,487.88,497.9,502.97,502.7,496.92,485.73,469.48,448.71,424.11,396.46,366.54,335.14,0.04,0.11,0.1
335.23,367.07,398.12,427.88,455.76,481.06,502.96,520.59,533.08,539.65,539.75,533.15,519.93,500.56,475.75,446.41,413.53,378.07,340.95,0.04,0.11,0.11
339.77,376.2,411.9,446.38,478.99,508.92,535.17,556.62,572.1,580.57,581.28,573.86,558.4,535.48,506.04,471.29,432.49,390.82,347.34,0.04,0.11,0.12
344.45,385.64,426.24,465.79,503.6,538.74,569.98,595.85,614.84,625.61,627.19,619.09,601.3,574.45,539.76,498.85,453.36,404.78,354.33,0.04,0.11,0.13
349.2,395.26,440.96,485.91,529.4,570.36,607.21,637.98,660.65,673.7,676.31,668.01,648.34,617.55,577.08,529.19,476.17,419.93,361.87,0.04,0.11,0.14
353.97,404.97,455.96,506.66,556.42,603.97,647.18,683.06,708.5,722.08,725,718.01,698.76,665.13,618.53,562.62,500.99,436.22,369.92,0.04,0.11,0.15
311.74,320.31,328.57,336.34,343.47,349.77,355.08,359.25,362.11,363.56,363.5,361.87,358.69,353.99,347.89,340.53,332.12,322.89,313.09,0.04,0.12,0.05
314.86,326.52,337.76,348.37,358.14,366.82,374.18,380,384.06,386.18,386.22,384.09,379.79,373.38,365.01,354.87,343.26,330.5,316.95,0.04,0.12,0.06
317.95,332.65,346.87,360.35,372.8,383.94,393.47,401.07,406.46,409.38,409.63,407.08,401.7,393.56,382.84,369.84,354.9,338.45,320.99,0.04,0.12,0.07
321.13,338.99,356.31,372.8,388.12,401.93,413.85,423.49,430.44,434.37,434.97,432.07,425.59,415.63,402.39,386.25,367.66,347.19,325.42,0.04,0.12,0.08
324.45,345.62,366.23,385.94,404.4,421.18,435.82,447.82,456.67,461.89,463.06,459.9,452.31,440.37,424.34,404.69,382.01,356.99,330.4,0.04,0.12,0.09
327.93,352.59,376.68,399.87,421.76,441.87,459.64,474.44,485.61,492.5,494.52,491.27,482.56,468.45,449.29,425.65,398.31,368.13,336.04,0.04,0.12,0.1
331.54,359.84,387.61,414.54,440.19,464.03,485.4,503.53,517.56,526.61,529.88,526.76,516.95,500.49,477.79,449.61,416.92,380.83,342.48,0.04,0.12,0.11
335.23,367.28,398.89,429.78,459.51,487.51,513.01,535.06,552.58,564.38,569.4,566.77,555.99,537.02,510.36,476.98,438.15,395.28,349.79,0.04,0.12,0.12
338.95,374.78,410.34,445.36,479.47,512.03,542.19,568.79,590.42,605.6,612.92,611.24,599.8,578.37,547.4,508.13,462.26,411.65,358.05,0.04,0.12,0.13
342.61,382.21,421.75,461.06,499.79,537.32,572.67,604.36,630.59,649.41,659.24,658.99,647.7,624.46,589.24,543.46,489.54,430.08,367.31,0.04,0.12,0.14
346.19,389.52,433.06,476.78,520.43,563.43,604.61,642.03,672.98,694.59,705.46,706.32,697.14,674.72,636.43,583.66,520.43,450.76,377.62,0.04,0.12,0.15
310.9,318.67,326.18,333.3,339.87,345.77,350.82,354.88,357.8,359.44,359.69,358.48,355.76,351.57,345.96,339.07,331.08,322.22,312.76,0.04,0.13,0.05
313.62,324.07,334.2,343.83,352.77,360.82,367.79,373.44,377.57,379.97,380.49,378.99,375.42,369.77,362.15,352.72,341.74,329.54,316.49,0.04,0.13,0.06
316.26,329.33,342.03,354.16,365.48,375.75,384.72,392.08,397.57,400.91,401.84,400.19,395.84,388.78,379.12,367.08,352.99,337.27,320.42,0.04,0.13,0.07
318.94,334.69,350.04,364.76,378.6,391.26,402.43,411.75,418.85,423.35,424.91,423.25,418.21,409.72,397.9,383.03,365.5,345.89,324.82,0.04,0.13,0.08
321.71,340.23,358.34,375.81,392.35,407.65,421.32,432.91,441.96,447.96,450.44,448.99,443.35,433.4,419.25,401.21,379.81,355.75,329.85,0.04,0.13,0.09
324.56,345.94,366.95,387.33,406.82,425.03,441.54,455.81,467.24,475.17,478.97,478.04,471.97,460.55,443.85,422.26,396.42,367.22,335.7,0.04,0.13,0.1
327.47,351.79,375.79,399.26,421.9,443.33,463.07,480.48,494.82,505.25,510.89,510.92,504.7,491.86,472.41,446.79,415.83,380.64,342.56,0.04,0.13,0.11
330.38,357.67,384.73,411.39,437.38,462.33,485.69,506.75,524.6,538.18,546.33,547.91,541.98,527.91,505.59,475.47,438.59,396.39,350.61,0.04,0.13,0.12
333.24,363.44,393.56,423.47,452.96,481.67,509.03,534.23,556.2,573.6,584.95,588.79,583.81,569.01,543.92,508.91,465.26,414.9,360.06,0.04,0.13,0.13
335.98,369.01,402.12,435.29,468.36,501.02,532.7,562.5,589.09,610.78,625.72,632.27,629.05,614.63,587.63,547.76,496.5,436.6,371.14,0.04,0.13,0.14
338.58,374.33,410.37,446.77,483.51,520.36,556.76,591.68,623.37,649.4,667.14,675.22,673.9,662.33,636.39,592.9,533.33,462.16,384.14,0.04,0.13,0.15
309.86,316.63,323.19,329.44,335.26,340.53,345.11,348.87,351.67,353.38,353.86,353.03,350.83,347.25,342.32,336.15,328.9,320.77,312.04,0.04,0.14,0.05
312.09,321.07,329.79,338.13,345.94,353.06,359.3,364.49,368.42,370.9,371.75,370.82,368.02,363.3,356.7,348.36,338.49,327.38,315.41,0.04,0.14,0.06
314.23,325.33,336.15,346.54,356.33,365.32,373.29,380.01,385.21,388.62,390.01,389.14,385.86,380.09,371.85,361.29,348.69,334.43,319.02,0.04,0.14,0.07
316.38,329.62,342.57,355.08,366.94,377.93,387.81,396.26,402.95,407.55,409.71,409.1,405.48,398.7,388.76,375.82,360.2,342.42,323.11,0.04,0.14,0.08
318.57,334,349.16,363.88,377.95,391.14,403.14,413.59,422.11,428.22,431.46,431.39,427.63,419.92,408.2,392.63,373.6,351.75,327.89,0.04,0.14,0.09
320.79,338.47,355.9,372.94,389.38,404.96,419.36,432.16,442.87,450.92,455.69,456.54,452.93,444.44,430.9,412.42,389.47,362.84,333.6,0.04,0.14,0.1
323.02,342.97,362.72,382.16,401.11,419.29,436.37,451.89,465.26,475.77,482.61,484.93,481.92,472.92,457.57,435.91,408.45,376.18,340.48,0.04,0.14,0.11
325.22,347.39,369.47,391.36,412.9,433.86,453.89,472.5,489.01,502.58,512.17,516.66,514.9,505.89,488.94,463.9,431.29,392.33,348.85,0.04,0.14,0.12
327.31,351.63,375.96,400.27,424.45,448.3,471.49,493.52,513.64,530.85,543.89,551.33,551.66,543.44,525.48,497.15,458.83,411.99,359.08,0.04,0.14,0.13
329.25,355.58,382.05,408.69,435.46,462.25,488.75,514.45,538.56,559.86,576.82,587.7,590.83,584.54,566.95,536.27,492.07,436.08,371.68,0.04,0.14,0.14
331.03,359.21,387.69,416.57,445.9,475.64,505.59,535.26,563.72,589.46,610.32,623.97,629.03,625.31,611.1,581.37,532.42,465.95,387.42,0.04,0.14,0.15
308.55,314.03,319.36,324.45,329.23,333.6,337.44,340.65,343.1,344.68,345.27,344.77,343.12,340.29,336.28,331.16,325.07,318.18,310.74,0.04,0.15,0.05
310.2,317.31,324.24,330.9,337.18,342.96,348.09,352.42,355.8,358.06,359.03,358.57,356.55,352.93,347.69,340.92,332.77,323.51,313.46,0.04,0.15,0.06
311.76,320.43,328.9,337.08,344.84,352.04,358.5,364.05,368.48,371.55,373.05,372.77,370.53,366.21,359.79,351.34,341.06,329.28,316.42,0.04,0.15,0.07
313.32,323.55,333.58,343.32,352.62,361.34,369.26,376.18,381.84,385.94,388.19,388.3,385.98,381.06,373.46,363.21,350.57,335.92,319.84,0.04,0.15,0.08
314.9,326.71,338.35,349.71,360.65,371.01,380.56,389.07,396.2,401.62,404.91,405.67,403.51,398.13,389.34,377.16,361.82,343.83,323.92,0.04,0.15,0.09
316.49,329.91,343.19,356.23,368.9,381.04,392.42,402.75,411.67,418.74,423.45,425.25,423.58,417.97,408.07,393.81,375.4,353.45,328.92,0.04,0.15,0.1
318.06,333.08,348.01,362.77,377.25,391.29,404.68,417.1,428.14,437.29,443.9,447.25,446.56,441.1,430.3,413.87,391.97,365.31,335.1,0.04,0.15,0.11
319.58,336.14,352.68,369.15,385.47,401.51,417.06,431.8,445.31,456.98,466.05,471.59,472.55,467.87,456.59,438.1,412.34,380.07,342.88,0.04,0.15,0.12
320.97,338.98,357.04,375.14,393.27,411.32,429.11,446.37,462.63,477.24,489.33,497.74,501.16,498.13,487.2,467.17,437.44,398.63,352.75,0.04,0.15,0.13
322.21,341.49,360.92,380.54,400.37,420.36,440.41,460.25,479.46,497.32,512.81,524.58,531.06,530.58,521.35,501.2,468.23,422.2,365.55,0.04,0.15,0.14
323.27,343.66,364.3,385.27,406.67,428.53,450.79,473.27,495.56,516.89,536,551.06,560.08,561.72,555.33,538.46,505.51,452.67,382.63,0.04,0.15,0.15
